ID,First Name,Last Name,Gender,Age,Nationality
1,Edithe,Leggis,Female,62,Japan
2,Elwood,Catt,Male,62,Nicaragua
3,Darby,Felgate,Male,67,Russia
4,Dominica,Pyle,Female,71,China
5,Bay,Pencost,Male,21,China
6,Lora,Durbann,Female,55,Brazil
7,Rand,Bram,Male,73,Ivory Coast
8,Perceval,Dallosso,Male,36,Vietnam
9,Aleda,Pigram,Female,35,Palestinian Territory
10,Burlie,Schustl,Male,13,Thailand
11,Porty,Jori,Male,39,Tunisia
12,Briant,De La Haye,Male,71,Russia
13,Kalie,Scoble,Female,47,Sweden
14,Catriona,Beaument,Female,77,Russia
15,Amberly,Handling,Female,32,China
16,Dyna,De'Vere - Hunt,Female,22,China
17,Janella,Hardaker,Female,28,Colombia
18,Alvin,Wenzel,Male,12,Greece
19,Jerrine,Peeters,Female,87,Philippines
20,Warner,Driutti,Male,62,China
21,Paige,Hayhow,Male,24,Sweden
22,Dorisa,Skill,Female,19,Ukraine
23,Bobbye,Patmore,Female,45,China
24,Jayme,Dairton,Female,29,Indonesia
25,Sayre,Stroyan,Male,87,Indonesia
26,Joellyn,Stutter,Female,8,Croatia
27,Julietta,Delahunt,Female,14,Democratic Republic of the Congo
28,Halie,Jewar,Female,53,France
29,Jessamyn,Buddles,Female,6,Peru
30,Clevie,Clubbe,Male,35,China
31,Magdalen,Claiden,Female,14,China
32,Celina,Boothebie,Female,58,Latvia
33,Murvyn,Duff,Male,19,Germany
34,Lyndsie,Dyball,Female,22,Czech Republic
35,Ashlie,Rotham,Female,44,Ireland
36,Gardiner,Ferbrache,Male,9,Sweden
37,Rudolph,Housbie,Male,74,Iran
38,Dun,Craythorn,Male,32,China
39,Dasha,Eppson,Female,37,Indonesia
40,Bibby,Evershed,Female,73,Indonesia
41,Ransom,Chippindale,Male,54,Peru
42,Zelig,Brinded,Male,61,Brazil
43,Rosalyn,Vondrys,Female,56,China
44,Lamond,Ahmed,Male,21,Croatia
45,Anders,Treadger,Male,62,Madagascar
46,Haroun,holmes,Male,54,United States
47,Kristan,Metzing,Female,37,Peru
48,Willie,Netherwood,Male,85,Russia
49,Aldon,Ridsdell,Male,24,Ghana
50,Chrotoem,Abels,Male,62,Russia
51,Andy,Kettleson,Male,50,China
52,Dredi,Curd,Female,45,Russia
53,Tessy,Athelstan,Female,83,Sweden
54,Tamas,Vigneron,Male,58,Mali
55,Gnni,Chaperling,Female,17,Brazil
56,Margaux,Lattin,Female,76,Guatemala
57,Anabella,Tutchings,Female,51,China
58,Joeann,Gotcliff,Female,77,Kyrgyzstan
59,Peri,Battram,Female,16,Peru
60,Eugenius,Headon,Male,77,Ukraine
61,Erwin,Baise,Male,12,Haiti
62,Leta,Tartt,Female,62,Afghanistan
63,Lilli,Sarath,Female,87,Sweden
64,Franz,Roset,Male,23,Greece
65,Natalya,Offner,Female,23,Czech Republic
66,Genevra,Shipperbottom,Female,41,Ethiopia
67,Francine,Adolfsen,Female,54,Indonesia
68,Cairistiona,Tummond,Female,52,Tanzania
69,Kelci,Colliver,Female,39,China
70,Denys,Endricci,Male,33,Nigeria
71,Findley,Godleman,Male,89,Indonesia
72,Fidelio,Guerry,Male,3,China
73,Krishnah,Dabels,Male,54,Russia
74,Diannne,Samter,Female,73,Cameroon
75,Inge,Hewins,Female,30,Morocco
76,Dermot,Stainburn,Male,54,Armenia
77,Ajay,Durward,Female,26,Russia
78,Constancy,Darke,Female,51,China
79,Cy,Servante,Male,78,China
80,Lennard,Giorgi,Male,43,Peru
81,Cordie,Rosenberger,Female,3,Brazil
82,Noelyn,Penquet,Female,80,Brazil
83,Frank,Greenhough,Male,52,Philippines
84,Tan,Connold,Male,73,Sweden
85,Star,Casford,Female,49,Greece
86,Travers,Selwyne,Male,85,Colombia
87,Randie,Jankin,Male,68,Mexico
88,Henryetta,Noice,Female,36,Chile
89,Fons,Schrieves,Male,14,Albania
90,Lissa,Thynn,Female,74,Luxembourg
91,Mattias,Darrell,Male,78,Honduras
92,Cirilo,Camoletto,Male,19,China
93,Aeriela,Clarke,Female,70,Portugal
94,Marjory,Franz,Female,46,Nigeria
95,Rodolph,Grewcock,Male,23,Kazakhstan
96,Justinn,Ishchenko,Female,54,Pakistan
97,Winne,Cowland,Female,73,France
98,Gabriella,Patry,Female,65,China
99,Tann,McCroary,Male,2,Poland
100,Ebony,Knappitt,Female,7,Russia
101,Piggy,Hugle,Male,39,Philippines
102,Lisle,Floyd,Male,25,China
103,Leroi,Raeburn,Male,88,Brazil
104,Nicole,Gages,Female,54,South Africa
105,Mariele,Lucius,Female,33,Ukraine
106,Sherwood,Woolaston,Male,80,Portugal
107,Ag,Gumby,Female,76,China
108,Basil,Canon,Male,18,Portugal
109,Care,Kearton,Male,4,Kenya
110,Violetta,Francois,Female,85,Indonesia
111,Adlai,Tilmouth,Male,49,Serbia
112,Gwenore,Smaridge,Female,7,Russia
113,Kurt,Marling,Male,65,Indonesia
114,Artemus,Brewitt,Male,27,China
115,Sergio,Edmonson,Male,10,Sweden
116,Maia,Kidwell,Female,45,Philippines
117,Reinaldo,Caines,Male,76,Indonesia
118,Lincoln,Casburn,Male,6,Vietnam
119,Kelsy,Danhel,Female,21,Indonesia
120,Des,Sutehall,Male,65,Indonesia
121,Darnall,Comfort,Male,72,Russia
122,Bernardo,Bigland,Male,79,Philippines
123,Cymbre,Steeden,Female,55,Russia
124,Leandra,Demer,Female,6,Colombia
125,Shermy,Gatchell,Male,66,Colombia
126,Bryn,Pratley,Female,56,Maldives
127,Eran,Summerill,Female,62,Afghanistan
128,Arlena,Ridwood,Female,65,Ireland
129,Rozelle,Neubigin,Female,74,China
130,Jacenta,Linner,Female,38,Argentina
131,Mariann,Wilshin,Female,80,China
132,Jedidiah,Malins,Male,66,Indonesia
133,Rory,Wank,Female,84,Japan
134,Modesty,Zink,Female,11,Ukraine
135,Newton,Berni,Male,52,Argentina
136,Sybila,Troker,Female,8,Indonesia
137,Jewel,Betteney,Female,66,China
138,Hobie,Skace,Male,70,China
139,Loree,Fishpond,Female,37,Ukraine
140,Gauthier,Elsip,Male,33,Uruguay
141,Gisella,Watters,Female,35,Philippines
142,Flora,Delgardillo,Female,51,Philippines
143,Dorthea,Wealleans,Female,6,China
144,Arlyn,Boole,Female,45,Philippines
145,Jameson,Sayce,Male,53,Brazil
146,Collin,Ciepluch,Male,54,China
147,Francoise,Mustill,Female,76,Netherlands
148,Peterus,Lettson,Male,70,Botswana
149,Yuri,Crossfield,Male,38,Peru
150,Kirbee,Wrenn,Female,45,Armenia
151,Rici,Rein,Female,85,Russia
152,Anestassia,Vauls,Female,20,Albania
153,Virgil,Markussen,Male,79,Philippines
154,Marlin,Yegorev,Male,25,Egypt
155,Clemmie,Harbertson,Male,76,Ukraine
156,Happy,Jaskowicz,Female,82,Mexico
157,Quentin,Plaschke,Male,37,Syria
158,Paulie,Dunnet,Male,37,Serbia
159,Wilma,Burdytt,Female,72,Poland
160,Cobbie,Imorts,Male,18,Croatia
161,Murry,Entreis,Male,86,Russia
162,George,Wildber,Female,32,Brazil
163,Bethany,Corona,Female,62,Tanzania
164,Carolann,Yves,Female,89,Poland
165,Benson,Hook,Male,29,Indonesia
166,Dunstan,Fyrth,Male,42,China
167,Rutger,Georgeon,Male,54,Myanmar
168,Gearalt,Bynold,Male,1,China
169,Ferrel,Elphey,Male,7,Slovenia
170,Magda,Nealand,Female,66,United States
171,Pamella,Eaden,Female,90,Indonesia
172,Nathanil,Monan,Male,69,Brazil
173,Skelly,Gopsell,Male,9,Czech Republic
174,Arel,Tyson,Male,37,Spain
175,Ericha,Dressel,Female,29,Sweden
176,Yasmin,Findlow,Female,83,Macedonia
177,Corby,Van Der Straaten,Male,75,Kazakhstan
178,Herbert,Billingsly,Male,56,Mongolia
179,Aprilette,Veysey,Female,13,Thailand
180,Biddy,Rief,Female,89,Vietnam
181,Brunhilda,Davley,Female,16,Indonesia
182,Artair,Ondrich,Male,73,Indonesia
183,Marylinda,Gussie,Female,15,Poland
184,Gabrila,Speedin,Female,88,Portugal
185,Pavlov,Hadye,Male,82,Brazil
186,Heath,Lackmann,Male,75,China
187,Michele,Olenchenko,Male,75,Russia
188,Mischa,Caulwell,Male,36,Mexico
189,Carlota,Llewhellin,Female,37,China
190,Edlin,Theobald,Male,70,Poland
191,Sheridan,Casino,Male,13,Ukraine
192,Isidor,Rundall,Male,54,Peru
193,Heywood,Bisp,Male,40,Indonesia
194,Allx,Fretter,Female,80,Brazil
195,Domenico,Cadman,Male,39,Ukraine
196,Tansy,Symons,Female,48,Indonesia
197,Con,Kaine,Male,85,Yemen
198,Felizio,Kevern,Male,64,Russia
199,Valle,Christoforou,Male,29,Benin
200,Sydney,MacGhee,Male,90,Guatemala
201,Ikey,Dowty,Male,12,China
202,Fairleigh,Hagger,Male,46,China
203,Arlee,Levine,Female,12,China
204,Neal,Kulver,Male,69,Thailand
205,Terri,Palle,Female,68,Poland
206,Lorilyn,Annion,Female,17,China
207,Vernen,Ivakhnov,Male,90,China
208,Rufus,Bernardini,Male,57,Peru
209,Dorothea,Rogister,Female,45,Sweden
210,Myrtie,MacScherie,Female,41,Laos
211,Carley,Gowers,Female,19,Poland
212,Flin,Bordone,Male,87,Philippines
213,West,Kernermann,Male,86,Norway
214,Brien,Gatherer,Male,22,Poland
215,Ephrayim,Bedford,Male,6,China
216,Kaitlin,Gaven,Female,30,Sao Tome and Principe
217,Tobe,Torrejon,Female,12,Brazil
218,Trudey,Wagge,Female,7,Poland
219,Gene,Cottham,Male,56,Philippines
220,Seline,Garvill,Female,30,Philippines
221,Neil,McCory,Male,54,Portugal
222,Burty,Blurton,Male,33,China
223,Mead,Syer,Male,79,Venezuela
224,Adair,Spurman,Male,69,China
225,Elana,Heisham,Female,23,Greece
226,Bryna,Monson,Female,24,Poland
227,Cordy,Plenderleith,Male,79,Sweden
228,Ransell,Evins,Male,2,Russia
229,Chris,Body,Female,35,Sweden
230,Virginie,Vaneev,Female,85,France
231,Cos,Donnel,Male,29,Indonesia
232,Averell,Shellsheere,Male,16,Albania
233,Isador,Darrow,Male,39,Peru
234,Linnell,Peepall,Female,65,China
235,Jedidiah,Gercken,Male,19,Venezuela
236,Serge,Bendon,Male,51,China
237,Fernando,Stuckes,Male,61,Mali
238,Joni,Rays,Female,18,Palestinian Territory
239,Cloris,Cunradi,Female,57,United Kingdom
240,Anna-maria,Voyce,Female,19,Philippines
241,Earlie,Pideon,Male,74,Russia
242,Patten,Merle,Male,42,China
243,Lilla,Rowden,Female,13,Denmark
244,Gwendolyn,Jacobowicz,Female,83,Afghanistan
245,Carolynn,Blakeslee,Female,72,Dominican Republic
246,Clio,Rainford,Female,35,Indonesia
247,Tann,Lever,Male,27,Armenia
248,Devina,Lukehurst,Female,16,Peru
249,Worden,Patkin,Male,72,Dominican Republic
250,Tammy,Blachford,Female,49,North Korea
251,Tam,Maysor,Male,49,Indonesia
252,Dorella,Nund,Female,75,China
253,Shaun,Doni,Female,75,Bangladesh
254,Octavius,Giblin,Male,87,France
255,Anastassia,Stoggles,Female,49,Indonesia
256,Durand,Mitchelhill,Male,14,Kazakhstan
257,Lorene,Trustram,Female,13,France
258,Vitia,Cobbled,Female,25,Denmark
259,Simeon,Gallanders,Male,7,China
260,Bridget,Dmitriev,Female,3,Sweden
261,Cortie,Prestwich,Male,23,Slovenia
262,Wilt,Reames,Male,3,China
263,Myrtie,Foystone,Female,3,Poland
264,Mollie,O'Regan,Female,59,Indonesia
265,Carry,Hanbury,Female,29,China
266,Sallyann,Jarad,Female,23,Japan
267,Dylan,Lear,Male,59,Brazil
268,Joey,Carpmile,Male,69,Portugal
269,Kissie,Joire,Female,89,Bangladesh
270,Kassia,Demetr,Female,33,Indonesia
271,Mason,Pineaux,Male,14,China
272,Flossy,Brogan,Female,38,Mongolia
273,Titus,Meecher,Male,18,Mozambique
274,Mariann,Moogan,Female,90,Philippines
275,Caria,Risdall,Female,50,Albania
276,Kayle,Perrigo,Female,44,Yemen
277,Otis,Scotti,Male,46,China
278,Othelia,Lichfield,Female,71,Russia
279,Padget,O'Dempsey,Male,35,United States
280,Kristoffer,Kitchinham,Male,68,Czech Republic
281,Lorrayne,Koppeck,Female,25,Portugal
282,Gavrielle,Sidsaff,Female,73,Bosnia and Herzegovina
283,Maye,De Zamudio,Female,18,Canada
284,Addie,Clancey,Female,88,Indonesia
285,Jody,Philpin,Male,34,Thailand
286,Palmer,Swindley,Male,34,Portugal
287,Patty,Golden of Ireland,Male,71,Indonesia
288,Vivian,Colicot,Female,4,Indonesia
289,Angus,Stobbes,Male,16,China
290,Brose,Vinten,Male,83,Indonesia
291,Horton,Yakunin,Male,81,China
292,Bernardo,Andreasen,Male,42,Philippines
293,Lorene,Andrault,Female,78,Canada
294,Brooks,Braben,Female,79,Lithuania
295,Andrea,Boutellier,Female,67,Mongolia
296,Luigi,Kidson,Male,14,Serbia
297,Erin,Quibell,Male,86,China
298,Kingsley,Westmerland,Male,72,Poland
299,Chip,Deniseau,Male,65,Bangladesh
300,Theobald,Posen,Male,79,France
301,Luther,Guise,Male,84,China
302,Constantia,Morison,Female,45,Venezuela
303,Asa,Wale,Male,5,Indonesia
304,Clemens,Allington,Male,45,Colombia
305,Broddy,Kelberer,Male,61,Russia
306,Thorstein,Verecker,Male,82,Russia
307,Odelinda,Patrick,Female,42,Russia
308,Gregorio,Earle,Male,37,Peru
309,Peirce,Pandya,Male,63,Mongolia
310,Marlo,Walwood,Female,52,Russia
311,Whitney,McTerlagh,Female,66,Macedonia
312,Terri-jo,Pestridge,Female,36,Philippines
313,Darius,Huntly,Male,16,Indonesia
314,Lombard,Rapp,Male,40,Brazil
315,Gaven,Goney,Male,43,Philippines
316,Erena,Pepperd,Female,66,Russia
317,Bax,Ould,Male,24,Venezuela
318,Braden,Eteen,Male,2,Ivory Coast
319,Alisa,Dillintone,Female,70,Thailand
320,Jordan,Fierman,Female,11,Sri Lanka
321,Orin,Knevet,Male,81,Thailand
322,Hakeem,Vidler,Male,76,Belarus
323,Cassie,Sudran,Male,35,Morocco
324,Gabrila,Dorn,Female,86,Russia
325,Jeniffer,Obispo,Female,37,China
326,Nance,Fildes,Female,83,Russia
327,Cloe,Durtnall,Female,23,Colombia
328,Dinny,Sibbit,Female,4,Philippines
329,Maryjo,Ollarenshaw,Female,66,Pakistan
330,Matelda,Collymore,Female,54,China
331,Felicio,McCory,Male,9,Russia
332,Devina,Vittet,Female,24,Democratic Republic of the Congo
333,Loretta,Weblin,Female,81,China
334,Alvie,Mitkin,Male,46,Afghanistan
335,Magda,Reichelt,Female,17,United States
336,Alaine,Ace,Female,39,Croatia
337,Clareta,Darinton,Female,66,China
338,Giorgia,Cullotey,Female,48,China
339,Shalne,Malinowski,Female,12,Greece
340,Joice,Blakeway,Female,69,Pakistan
341,Kathy,Marikhin,Female,25,Indonesia
342,Herb,Elnough,Male,81,Bosnia and Herzegovina
343,Muffin,Vanyard,Male,59,Portugal
344,Glyn,Bruins,Male,39,Russia
345,Jena,Eck,Female,85,Niger
346,Reube,Biddell,Male,71,Philippines
347,Sylvan,Meo,Male,24,Russia
348,Patty,Zoppie,Female,42,Russia
349,Averyl,Galia,Female,39,Brazil
350,Crin,Chevis,Female,11,China
351,Farly,Arnet,Male,31,France
352,Frankie,Spurway,Male,84,Haiti
353,Ebenezer,Alyonov,Male,14,Brazil
354,Peyter,Spacy,Male,38,China
355,Carr,Wyllcocks,Male,79,China
356,Dore,Blondell,Female,67,Canada
357,Galina,Almeida,Female,87,China
358,Derwin,Jezzard,Male,29,Lithuania
359,Jermaine,Escott,Male,90,Portugal
360,Jeanne,Moncreif,Female,71,Benin
361,Mordecai,Regus,Male,4,China
362,Kingsly,Micco,Male,89,Ireland
363,Lydia,Rathbourne,Female,7,Brazil
364,Clayborn,Sneller,Male,3,Indonesia
365,Claudina,Grane,Female,36,Japan
366,Butch,Shakelade,Male,81,Uruguay
367,Risa,Elce,Female,27,Indonesia
368,Suki,McVie,Female,82,Peru
369,Claudian,Whytock,Male,19,Uzbekistan
370,Fallon,Inchley,Female,44,China
371,Phelia,Feben,Female,55,Palestinian Territory
372,Borden,Cartmael,Male,31,Poland
373,Paten,Bonfield,Male,87,China
374,Bibi,Corbridge,Female,78,China
375,Pet,Izachik,Female,44,China
376,Alexandro,Curwood,Male,15,Russia
377,Ermina,Ells,Female,16,Indonesia
378,Rikki,Blaszczyk,Female,12,China
379,Annelise,Kinnar,Female,12,Slovenia
380,Allis,Cale,Female,84,Spain
381,Adey,Treamayne,Female,7,Malaysia
382,Nathalie,Bilam,Female,48,Belarus
383,Harmony,Gow,Female,7,Canada
384,Glen,Hearthfield,Male,6,Indonesia
385,Rina,Pitrollo,Female,81,China
386,Reyna,Beckinsale,Female,82,Sierra Leone
387,Tessa,Bladge,Female,82,Brazil
388,Lowell,Benedit,Male,87,China
389,Joyce,Bridgman,Female,73,Macedonia
390,Stanton,Pitrelli,Male,52,Philippines
391,Kristo,Cobbin,Male,51,Brazil
392,Reggy,Rysom,Male,39,Indonesia
393,Francyne,Shalcros,Female,49,China
394,Normy,Dome,Male,42,Honduras
395,Bab,Ashby,Female,34,South Africa
396,Kale,Dunniom,Male,9,Brazil
397,Constantino,Message,Male,11,Moldova
398,Cy,Mannagh,Male,54,Switzerland
399,Valdemar,Whate,Male,90,Brazil
400,Dinny,Soppit,Female,21,Nepal
401,Eldin,Manhood,Male,87,France
402,Cleon,De Maine,Male,31,Belgium
403,Kelwin,Dorward,Male,82,Argentina
404,Giraud,Harlin,Male,29,China
405,Prescott,Vondruska,Male,41,Thailand
406,Alla,Peniman,Female,62,China
407,Arturo,Bonsale,Male,42,Indonesia
408,Carlen,Dives,Female,85,Colombia
409,Oswell,Giercke,Male,29,Indonesia
410,Ariel,Merrill,Male,50,Iraq
411,Carol,Horry,Female,10,China
412,Erminie,Ipgrave,Female,48,Spain
413,Carlyle,Gallagher,Male,73,Sweden
414,Frederica,Joselovitch,Female,60,Indonesia
415,Toni,Aiston,Female,74,Finland
416,Perrine,Danton,Female,8,Indonesia
417,Dominga,Denys,Female,35,Ukraine
418,Fleurette,Kenford,Female,16,Portugal
419,Bryce,De Moreno,Male,12,Chile
420,Pavla,Matz,Female,2,Ukraine
421,Abe,Santos,Male,40,Croatia
422,Randy,Greystock,Female,27,China
423,Isador,Grist,Male,66,Portugal
424,Brendan,Bockh,Male,5,Yemen
425,Rustin,Dilrew,Male,49,Uganda
426,Ammamaria,Gladdin,Female,4,Azerbaijan
427,Keen,Gleeson,Male,62,China
428,Francklin,Witheridge,Male,56,Syria
429,Nathanael,Brockest,Male,3,Portugal
430,Dara,Frere,Female,73,Indonesia
431,Bartholemy,Reuther,Male,70,Philippines
432,Arnie,Kite,Male,63,Indonesia
433,Candie,Spybey,Female,67,China
434,Minda,Gault,Female,86,China
435,Aileen,Olyff,Female,48,Brazil
436,Yetta,Janout,Female,85,Philippines
437,Stanislas,Tesauro,Male,10,Kazakhstan
438,Robenia,Troth,Female,49,Peru
439,Marjie,Newbigging,Female,39,Vietnam
440,Alexandro,Christiensen,Male,46,United States
441,Nickolas,Raynham,Male,41,China
442,Burlie,Johnstone,Male,45,East Timor
443,Glenine,Southby,Female,48,Netherlands
444,Morley,Metham,Male,22,Japan
445,Griffin,Farrent,Male,26,Armenia
446,Stearne,Arrundale,Male,79,Colombia
447,Colver,O'Loughlin,Male,29,China
448,Merilee,Boothroyd,Female,83,Greece
449,Edouard,Coope,Male,10,Marshall Islands
450,Marcellina,Wealthall,Female,16,Georgia
451,Albertina,Twiname,Female,16,Poland
452,Steffie,Vicker,Female,70,Philippines
453,Lamar,Tebbet,Male,53,Serbia
454,Shell,Calderhead,Female,4,Ukraine
455,Robin,Burris,Female,39,Russia
456,Rawley,Bowmen,Male,23,China
457,Irma,Stutely,Female,64,Gabon
458,Annora,Carmichael,Female,44,Kazakhstan
459,Katey,Bew,Female,60,China
460,Heinrik,Hemphrey,Male,81,Thailand
461,Chilton,Easterling,Male,79,China
462,Rafa,Stelfax,Female,73,New Caledonia
463,Raul,Mantha,Male,90,Argentina
464,Erena,Driffe,Female,47,South Africa
465,Johnnie,Trewman,Male,88,Finland
466,Tripp,Docksey,Male,45,Indonesia
467,Jeni,Becker,Female,62,Indonesia
468,Freddy,Rides,Male,49,Philippines
469,Petunia,Hanbury-Brown,Female,34,China
470,Claribel,Backshall,Female,42,France
471,Stephen,Tettley,Male,57,China
472,Moses,Walding,Male,56,China
473,Isaiah,St Pierre,Male,54,Russia
474,Darcee,Bilbee,Female,54,Canada
475,Brinn,Crankhorn,Female,31,Indonesia
476,Shanta,Learmond,Female,61,Philippines
477,Nonna,Lownsbrough,Female,56,Russia
478,Giovanna,McKinley,Female,69,France
479,D'arcy,Carratt,Male,39,Indonesia
480,Clementina,Bernardeschi,Female,37,Yemen
481,Batsheva,Baynes,Female,9,China
482,Gabriello,Ellerington,Male,19,Indonesia
483,Granthem,Ghion,Male,17,China
484,Filmore,Faich,Male,76,Nigeria
485,Joice,Chadbourne,Female,51,Peru
486,Lief,Deaton,Male,81,Argentina
487,Ephrem,Challoner,Male,62,Yemen
488,Stacee,Dulson,Male,88,Philippines
489,Channa,Aphale,Female,19,Canada
490,Lon,Doogue,Male,29,Russia
491,Rex,Jowsey,Male,11,South Korea
492,Neall,Zamudio,Male,90,Czech Republic
493,Mace,Glashby,Male,28,Belarus
494,Brett,Levecque,Male,60,Croatia
495,Sharline,Tape,Female,76,Kazakhstan
496,Darrel,Diaper,Male,75,Portugal
497,Peggie,Stone,Female,11,China
498,Saw,Osorio,Male,40,China
499,Kacey,Tilford,Female,69,Poland
500,Luke,Gottelier,Male,89,Philippines
501,Alleyn,Facer,Male,65,China
502,Cele,Baiden,Female,17,Poland
503,Rene,Mort,Male,68,Ukraine
504,Newton,Minchinden,Male,77,Japan
505,Franklin,Bentham3,Male,10,Sweden
506,Allyn,Waliszewski,Male,84,Serbia
507,Angel,Pettko,Male,22,China
508,Clevie,Baynon,Male,80,France
509,Wallis,Wones,Male,14,Indonesia
510,Allyce,Rouby,Female,77,Portugal
511,Evelina,MacDaid,Female,2,China
512,Deedee,Gratten,Female,51,Poland
513,Abbye,Darville,Female,55,Brazil
514,Lesley,Statefield,Male,49,Indonesia
515,Maitilde,Bridgstock,Female,15,Indonesia
516,Larissa,Clemenzo,Female,5,Vietnam
517,Matilde,Mouatt,Female,16,France
518,Jori,Baignard,Female,56,France
519,Ring,Faughny,Male,43,Philippines
520,Kalina,Mathen,Female,33,Central African Republic
521,Marisa,Howse,Female,7,United States
522,Kit,Constance,Male,10,China
523,Sargent,Renachowski,Male,56,China
524,Hewitt,Oakwood,Male,71,Peru
525,Fernandina,Caress,Female,78,South Africa
526,Omero,Peoples,Male,59,Sweden
527,Elspeth,Kinzett,Female,49,Indonesia
528,Virge,Tyt,Male,62,Indonesia
529,Abram,Riddlesden,Male,36,Finland
530,Welbie,Baldwin,Male,9,China
531,Harper,Vlasov,Male,41,Indonesia
532,Fitz,Harkus,Male,24,Peru
533,Cletus,Achromov,Male,51,Poland
534,Ethan,Antowski,Male,44,South Korea
535,Rik,Coughlan,Male,69,Sweden
536,Kendall,Goodrich,Male,44,Brazil
537,Stevana,Mabee,Female,53,France
538,Cornell,Carreck,Male,26,Argentina
539,Valdemar,Marcone,Male,7,Sri Lanka
540,Alleyn,Genn,Male,41,United States
541,Vlad,Betteson,Male,23,Albania
542,Maria,Tinkham,Female,27,Czech Republic
543,Leshia,Sweetenham,Female,18,Afghanistan
544,Daria,Feron,Female,75,Thailand
545,Wash,Itshak,Male,43,China
546,Emmy,Tapsell,Female,25,Croatia
547,Hillery,Roke,Male,21,Mongolia
548,Anna-diane,Gosnay,Female,28,Philippines
549,Val,Bonas,Female,42,Poland
550,Renata,Fishbourne,Female,82,Tunisia
551,Smitty,Wrangle,Male,70,Croatia
552,Monroe,Gudd,Male,13,South Africa
553,Jamaal,De-Ville,Male,81,Russia
554,Sylvester,Lea,Male,51,China
555,Zared,Gallego,Male,39,Germany
556,Gianna,Gowen,Female,45,China
557,Janenna,Goozee,Female,80,United States
558,Ros,Finnimore,Female,51,Russia
559,Joeann,Kopman,Female,18,China
560,Curr,Barbara,Male,26,Guinea-Bissau
561,Isabeau,Libbe,Female,74,Venezuela
562,Roddy,Bach,Male,77,Brazil
563,Nicolai,Sharrock,Male,78,Greece
564,Brigit,Davidsohn,Female,85,China
565,Melesa,Argo,Female,17,Philippines
566,Benny,MacAndreis,Male,65,France
567,Sebastiano,Shingler,Male,83,Uganda
568,Itch,Zarfai,Male,1,China
569,Bertha,Faughnan,Female,73,Poland
570,Alysa,Hadwen,Female,31,Mali
571,Foster,Trew,Male,42,Philippines
572,Whitney,Hewins,Female,63,South Africa
573,Durward,Grove,Male,23,China
574,Shayne,Tinkler,Female,41,Portugal
575,Anthea,Blodget,Female,90,Indonesia
576,Henka,Clavering,Female,1,Albania
577,Charmain,Genike,Female,39,Indonesia
578,Zonnya,Grigorian,Female,70,Peru
579,Edee,Fullwood,Female,75,United States
580,Maegan,MacRinn,Female,77,Paraguay
581,Agathe,Wildman,Female,80,China
582,Flss,Keenlyside,Female,64,China
583,Dietrich,Olivera,Male,72,Suriname
584,Renie,Cordery,Female,34,China
585,Lissa,Moynihan,Female,10,Portugal
586,Meris,Colter,Female,32,China
587,Meggy,Shovell,Female,42,China
588,Dean,Hillock,Male,34,Indonesia
589,Clara,Robbie,Female,24,Egypt
590,Gwenette,Stiell,Female,59,Argentina
591,Arline,Gabler,Female,5,France
592,Cordey,Tomczykiewicz,Female,44,United States
593,Daria,Vile,Female,3,China
594,Micky,Jaqueme,Male,63,China
595,Zenia,Craw,Female,57,Afghanistan
596,Jeramey,Lowrance,Male,23,Ukraine
597,Evered,Cutmore,Male,86,Palestinian Territory
598,Cyril,McLoney,Male,12,Ivory Coast
599,Reuben,Aronstam,Male,64,Philippines
600,Silvano,Derbyshire,Male,48,Poland
601,Ardenia,January,Female,3,Russia
602,Pen,Askaw,Female,18,France
603,Cinnamon,Levett,Female,41,China
604,Aggi,Iredell,Female,12,France
605,Ringo,Willas,Male,63,Indonesia
606,Sutherland,Born,Male,18,Ukraine
607,Ignacius,Basler,Male,8,Nigeria
608,Nicoli,Mockford,Female,62,Iran
609,Cherilynn,Gagin,Female,23,Canada
610,Wadsworth,Walkingshaw,Male,29,China
611,Ruby,Andrews,Male,22,Pakistan
612,Brodie,Kleinstub,Male,82,Indonesia
613,Morry,Jankovsky,Male,4,Brazil
614,Datha,Skehens,Female,60,Poland
615,Cobb,Garaghan,Male,22,Russia
616,Filmer,Jesson,Male,47,Czech Republic
617,Florry,Adamthwaite,Female,12,Philippines
618,Valene,Megarry,Female,90,Indonesia
619,Barbette,Eagell,Female,2,Brazil
620,Elvera,Irnys,Female,78,Syria
621,Cloe,Cheverell,Female,79,China
622,Afton,Haney`,Female,64,China
623,Clay,Bundock,Male,38,Indonesia
624,Cora,Malin,Female,31,Ukraine
625,Darbee,Dominka,Male,70,Indonesia
626,Rodd,Greson,Male,56,China
627,Olivie,Sharpley,Female,51,Afghanistan
628,Chadd,Laverenz,Male,56,Russia
629,Benji,Growcott,Male,18,Indonesia
630,Saunderson,Saturley,Male,55,China
631,Alvan,Laste,Male,35,Jamaica
632,Beth,Kitchin,Female,25,Palestinian Territory
633,Quentin,Bondley,Male,56,Indonesia
634,Vanni,Davydkov,Female,62,Poland
635,Henry,Grafhom,Male,36,South Korea
636,Daniella,Segeswoeth,Female,1,Malaysia
637,Ced,Murtell,Male,19,China
638,Fay,Raxworthy,Female,40,China
639,Kial,Bestiman,Female,29,Russia
640,Chicky,Lovelock,Male,89,China
641,Penny,MacMickan,Female,90,Russia
642,Thorndike,Bartlet,Male,90,China
643,Aindrea,Cazin,Female,45,Indonesia
644,Orv,Cawthery,Male,65,Canada
645,Kimmi,Gleadle,Female,40,Argentina
646,Aldus,MacDuffie,Male,24,Indonesia
647,Clem,Wyborn,Male,61,Japan
648,Benjamin,Drover,Male,74,Serbia
649,Gigi,Boyles,Female,21,Poland
650,Barbe,Kinney,Female,17,Syria
651,Lindon,Fautley,Male,3,Poland
652,Tonye,Schoffel,Female,56,Norway
653,Abbe,Isted,Female,53,China
654,Rossy,Frankish,Male,51,China
655,Kelvin,Yeardsley,Male,74,Sweden
656,Tiebold,Lamperti,Male,78,Russia
657,Kath,Korejs,Female,66,Canada
658,Bronny,Sefton,Male,89,Czech Republic
659,Neda,Schroter,Female,3,Germany
660,Farleigh,Brunnen,Male,90,Russia
661,Wanda,Lief,Female,78,Mexico
662,Adore,Girke,Female,23,Saint Lucia
663,Akim,Bugg,Male,85,Indonesia
664,Neala,Gumm,Female,49,China
665,Alika,Mateiko,Female,81,China
666,Mallory,Greenshiels,Female,51,Kazakhstan
667,Jinny,Brounfield,Female,41,Belarus
668,Alvinia,Maruszewski,Female,13,China
669,Aguistin,Forsyde,Male,2,China
670,Nolie,Gatiss,Female,20,Russia
671,Lizette,De Andisie,Female,44,Israel
672,Ashley,Caudle,Male,81,Sweden
673,Fitzgerald,Cuthbert,Male,67,Mozambique
674,Caralie,Billanie,Female,59,Argentina
675,Lind,Kovacs,Male,62,China
676,Daven,Marchant,Male,2,Indonesia
677,Ayn,Feacham,Female,16,Brazil
678,Barri,Veal,Male,9,Indonesia
679,Ardelis,Sagrott,Female,88,Ukraine
680,Siward,Foukx,Male,32,Bangladesh
681,Jannel,Somerton,Female,75,China
682,Bernard,Collett,Male,57,China
683,Hunfredo,Siggins,Male,71,Uzbekistan
684,Rakel,Vargas,Female,79,Canada
685,Gloriana,Ottewill,Female,49,Sweden
686,Oswell,Danford,Male,12,Brazil
687,Niven,Axelbee,Male,80,China
688,Binky,Croisdall,Male,23,China
689,Calla,Rapport,Female,81,Nicaragua
690,Giffer,Upstone,Male,73,China
691,Josias,Carstairs,Male,9,Czech Republic
692,Alfy,Yu,Male,48,Indonesia
693,Jannelle,Riseley,Female,48,Indonesia
694,Albina,Stranger,Female,9,Croatia
695,Dela,Kitchingman,Female,52,Zambia
696,Gothart,Denmead,Male,90,Indonesia
697,Georgianna,Krollmann,Female,5,Portugal
698,Mychal,Kibbee,Male,9,China
699,Juieta,Daville,Female,26,Philippines
700,Norbie,Kefford,Male,51,China
701,Ailina,Dhillon,Female,7,Thailand
702,Hillary,Coleyshaw,Male,39,Iran
703,Tomlin,Daughtery,Male,5,France
704,Luce,Eassom,Female,46,Indonesia
705,Edmon,Killingworth,Male,71,Russia
706,Gasparo,Pittem,Male,27,Nigeria
707,Jobyna,Sore,Female,79,Afghanistan
708,Oralie,Halfhead,Female,70,Indonesia
709,Buckie,Ivoshin,Male,14,Thailand
710,Shepperd,Tattersdill,Male,13,Norway
711,Dennison,Churn,Male,10,Russia
712,Andie,Darko,Male,28,Turkmenistan
713,Giulio,Polden,Male,76,Sweden
714,Jeannie,Ajean,Female,24,Indonesia
715,Kyla,Scouse,Female,53,Philippines
716,Alexis,Gasgarth,Male,65,Russia
717,Raddy,Ormonde,Male,87,China
718,Constantin,Romanetti,Male,28,Sweden
719,Dore,Coleiro,Female,88,China
720,Elmer,Drover,Male,75,Tanzania
721,Shirlene,Jaskiewicz,Female,43,North Korea
722,Judas,Watterson,Male,34,Peru
723,Hardy,Gerardi,Male,55,Philippines
724,Liv,Roback,Female,3,United States
725,Korella,Capoun,Female,41,Philippines
726,Marj,Yegorkin,Female,8,Japan
727,Ofelia,Petrovsky,Female,81,Mongolia
728,Vidovik,Delves,Male,46,Czech Republic
729,Rooney,Fear,Male,84,Colombia
730,Shane,Burgoyne,Male,2,United States
731,Pebrook,Hanse,Male,84,Portugal
732,Percy,Barthrop,Male,58,Guatemala
733,Hunt,Geerling,Male,82,France
734,Hirsch,Harland,Male,23,Peru
735,Shep,Pass,Male,76,Japan
736,Ted,Davidovsky,Male,18,Guatemala
737,Latisha,Dobey,Female,64,Burkina Faso
738,Kristel,Kensy,Female,4,United States
739,Davina,MacGibbon,Female,1,Japan
740,Sylvia,Heyward,Female,16,Malaysia
741,Carlye,Cawdron,Female,37,Finland
742,Antonius,McCourt,Male,84,China
743,Bronny,Paute,Male,60,Philippines
744,Carrol,Springthorp,Male,64,China
745,Rogers,Papps,Male,60,Albania
746,Filbert,Melloi,Male,87,Indonesia
747,Thorndike,Whiteland,Male,4,Russia
748,Carrie,Vlasin,Female,74,China
749,Salomone,Abbess,Male,81,Jordan
750,Elwood,Fonteyne,Male,22,Indonesia
751,Hort,Seary,Male,12,Philippines
752,Whitney,Branson,Female,22,Iran
753,Tobe,Rosenstock,Male,62,United States
754,Dew,Pock,Male,17,Belarus
755,Obed,Rawstorne,Male,11,Czech Republic
756,Corbin,Jedraszczyk,Male,75,Czech Republic
757,Annamarie,Davydochkin,Female,61,Laos
758,Jemmie,Wrathmall,Female,27,China
759,Emmalynne,Woolard,Female,49,New Zealand
760,Flin,MacGilpatrick,Male,48,Peru
761,Britta,Ardron,Female,28,Indonesia
762,Maury,Fitkin,Male,5,Japan
763,My,Dutnall,Male,3,China
764,Sigismundo,Faiers,Male,66,Philippines
765,Ted,Simcox,Female,31,Netherlands
766,Carmine,Erb,Female,79,Indonesia
767,Georgia,Hodcroft,Female,65,China
768,Joycelin,Rowbrey,Female,65,China
769,Lucio,Bassham,Male,68,Russia
770,Glenine,Winning,Female,33,Sweden
771,Blanca,Mustin,Female,48,Indonesia
772,Grantley,Camm,Male,44,Indonesia
773,Muhammad,Furbank,Male,2,France
774,Ardisj,Goodrich,Female,11,Albania
775,Sheppard,Balkwill,Male,21,China
776,Calvin,Godwyn,Male,25,China
777,Durward,Bennike,Male,8,Russia
778,Phillipe,Foxen,Male,82,Russia
779,Herc,Taffs,Male,17,China
780,Richart,Maddinon,Male,78,Afghanistan
781,Claybourne,Inold,Male,9,China
782,Marlowe,Chagg,Male,67,Canada
783,Lorenza,Spiniello,Female,5,Dominican Republic
784,Gayla,Minghetti,Female,82,Iran
785,Corena,Gowen,Female,11,China
786,Hew,Alekhov,Male,59,China
787,Pearce,Casali,Male,1,Ireland
788,Jasper,Akaster,Male,1,Poland
789,Tiena,Leaf,Female,69,China
790,Timmy,Menichino,Female,58,Poland
791,Wilbur,Grangier,Male,15,Indonesia
792,Cris,Youngs,Female,48,China
793,Erma,Lomasna,Female,83,Greece
794,Ahmad,Leedal,Male,51,Russia
795,Dan,Pareman,Male,90,Indonesia
796,Agosto,Chiverton,Male,64,Thailand
797,Kinny,Farryn,Male,74,Indonesia
798,Preston,Rochelle,Male,30,China
799,Riobard,Squibbes,Male,8,China
800,Barny,Elan,Male,72,China
801,Rosabelle,Easun,Female,25,China
802,Jamima,Volkers,Female,57,Honduras
803,Pegeen,Clementet,Female,44,China
804,Tracey,Rickell,Female,44,China
805,Flin,Buttwell,Male,25,China
806,Del,Goldstein,Male,4,Portugal
807,Nathanial,Smallpeice,Male,77,Libya
808,Kerr,Guinane,Male,68,Indonesia
809,Giana,Aldren,Female,5,Indonesia
810,Maximilien,Bezant,Male,21,Azerbaijan
811,Karlik,Bertot,Male,90,Finland
812,Felipa,Nizet,Female,54,Indonesia
813,Ceil,Gozard,Female,12,Armenia
814,Rawley,Baurerich,Male,81,France
815,Barbabas,Deekes,Male,87,China
816,Milty,Clemmensen,Male,14,Ivory Coast
817,Addi,Footitt,Female,38,Zambia
818,Paco,Birks,Male,45,Indonesia
819,Neala,Tacey,Female,15,Mauritius
820,Lawrence,Bolderstone,Male,87,Syria
821,Michal,Dhennin,Female,47,Philippines
822,Jerry,Leman,Male,52,Philippines
823,Alaine,Jaye,Female,38,Guatemala
824,Kevyn,MacCaughan,Female,68,Russia
825,Ludvig,Kelcey,Male,46,China
826,Samuele,Lobell,Male,2,Indonesia
827,Petronilla,Risbrough,Female,77,Indonesia
828,Tanney,MacCarter,Male,43,China
829,Darrell,Devin,Male,31,Portugal
830,Rhodie,Le Galle,Female,66,Russia
831,Abby,Maslin,Male,37,Greece
832,Merrick,Neames,Male,75,Indonesia
833,Cozmo,Jillins,Male,40,Finland
834,Barri,Barrim,Male,32,Canada
835,Sofia,Gaymar,Female,72,Ukraine
836,Amy,Castard,Female,34,Philippines
837,Philly,Charpin,Female,29,Brazil
838,Danell,Bannerman,Female,50,United States
839,Skipp,Andrez,Male,27,Czech Republic
840,Zara,Armytage,Female,66,Netherlands
841,Obadiah,Brabham,Male,40,Vietnam
842,Bette,Kubik,Female,80,Colombia
843,Christye,Caddens,Female,9,Philippines
844,Kandy,Baylie,Female,22,Honduras
845,Carmella,Hadlow,Female,23,Indonesia
846,Dmitri,Readett,Male,44,China
847,Concettina,Bulcock,Female,31,Philippines
848,Zak,Riddles,Male,15,North Korea
849,Barnabas,Currier,Male,41,Ghana
850,Berrie,Jancy,Female,1,Portugal
851,Harold,Scarfe,Male,70,Indonesia
852,Daune,Mathely,Female,68,China
853,Roldan,Blaszkiewicz,Male,33,Philippines
854,Cleavland,O'Fairy,Male,46,Germany
855,Wenonah,Clover,Female,62,Russia
856,Noelyn,Curbishley,Female,22,Spain
857,Keri,O'Dea,Female,69,China
858,Correy,Aldrin,Male,80,China
859,Rachael,Kersley,Female,57,Croatia
860,Gibb,Snoddy,Male,48,Croatia
861,Harper,Mullenger,Male,28,Indonesia
862,Georgie,Kilcullen,Male,68,Yemen
863,Hayes,Martinson,Male,5,United States
864,Gwenore,Liles,Female,72,Portugal
865,Adara,Kydde,Female,61,Armenia
866,Olva,Broszkiewicz,Female,44,Indonesia
867,Nathalie,McUre,Female,73,Somalia
868,Willabella,Chellenham,Female,52,Poland
869,Royal,Crayk,Male,41,Honduras
870,Alonso,Cardenosa,Male,58,Peru
871,Kayne,Kilpatrick,Male,68,Iran
872,Thatcher,Oldland,Male,26,Indonesia
873,Sara,Arrigucci,Female,87,Argentina
874,Guglielmo,Lerer,Male,26,Colombia
875,Madge,Onge,Female,16,Russia
876,Lynn,Hassard,Male,19,Thailand
877,Shoshanna,Kamiyama,Female,67,Portugal
878,Kenn,Sheber,Male,68,Libya
879,Garrek,Brookton,Male,16,Thailand
880,Angy,Buckett,Female,33,Indonesia
881,Gabey,Rushbrooke,Female,8,France
882,Fifine,Rillstone,Female,56,United States
883,Drusy,Coulthard,Female,69,Kiribati
884,Georgetta,Mayor,Female,53,Japan
885,Cassie,Echelle,Female,13,China
886,Fonz,Bonafant,Male,75,Poland
887,Tomasine,Diehn,Female,51,China
888,Sawyere,Danis,Male,26,South Africa
889,Ellery,Walthew,Male,66,France
890,Hirsch,Flook,Male,89,Indonesia
891,Katti,Gotts,Female,51,Ukraine
892,Henry,Goodluck,Male,35,Ethiopia
893,Ettore,Housiaux,Male,20,Mongolia
894,Chaim,Carvill,Male,19,Philippines
895,Ulric,Suffield,Male,85,Greece
896,Jamill,Wadhams,Male,57,Indonesia
897,Brandais,Maccaig,Female,37,Indonesia
898,Jessamyn,Dulin,Female,12,China
899,Lief,Messingham,Male,82,Ukraine
900,Nicol,Levane,Male,47,Norway
901,Ebba,Thursby,Female,90,Argentina
902,Erl,Engeham,Male,70,Brazil
903,Roma,Lux,Male,56,Tanzania
904,Ebony,Perfitt,Female,16,Japan
905,Minda,Skurray,Female,56,Norway
906,Wynny,Foystone,Female,30,Russia
907,Orville,Karolowski,Male,64,Argentina
908,Jordon,Sallowaye,Male,43,Sri Lanka
909,Bartolemo,McGowran,Male,29,Indonesia
910,Haze,Shapiro,Male,12,Philippines
911,Damaris,Lavens,Female,73,Portugal
912,Yevette,Coare,Female,74,Madagascar
913,Godfry,Russell,Male,59,Indonesia
914,Branden,Froom,Male,79,China
915,Hildegaard,Grimsdike,Female,46,Russia
916,Neall,Beccero,Male,51,Greece
917,Harriett,Nore,Female,53,Japan
918,Winny,Delgadillo,Male,24,Peru
919,Hasheem,Mabee,Male,90,Indonesia
920,Germana,McAllan,Female,70,Ecuador
921,Reuven,Kilpin,Male,30,China
922,Leann,Pyrke,Female,34,Namibia
923,Rossy,Frewer,Male,17,Ukraine
924,Ernesto,Fort,Male,46,Philippines
925,Chloris,Frankiewicz,Female,56,Argentina
926,Leonore,Ruvel,Female,14,South Africa
927,Quintus,Curnok,Male,90,Indonesia
928,Alva,Sellen,Male,51,Indonesia
929,Jorey,Winslett,Female,73,Malaysia
930,Lenka,Dunbar,Female,11,China
931,Benton,Sinott,Male,66,Guatemala
932,Selig,Mathwen,Male,85,Belarus
933,Rosemarie,Burleigh,Female,9,Poland
934,Bel,Muncer,Female,12,Indonesia
935,Rock,Champkins,Male,15,Colombia
936,Lothario,Ettles,Male,16,Estonia
937,Lazarus,Brimley,Male,70,Myanmar
938,Vinny,Ipwell,Male,44,Kazakhstan
939,Britta,Wavish,Female,42,Nicaragua
940,Andris,Overstone,Male,49,Philippines
941,Abagail,Patman,Female,42,Indonesia
942,Nancy,Mountfort,Female,79,Serbia
943,Josselyn,Lomb,Female,85,China
944,Joell,Winchurch,Female,17,China
945,Salvador,Labbati,Male,25,China
946,Waylen,Mushett,Male,68,Nigeria
947,Langsdon,Lowne,Male,64,Thailand
948,Randee,Hutchin,Female,23,Indonesia
949,Ludovika,Oultram,Female,71,United States
950,Wat,Giorgio,Male,11,Argentina
951,Henry,Diable,Male,20,Georgia
952,Eric,Goretti,Male,4,France
953,Tome,Bohills,Male,6,Colombia
954,Garrik,Ricoald,Male,76,Poland
955,Ardyce,Calendar,Female,10,Russia
956,Judie,Street,Female,52,Canada
957,Marysa,Lynch,Female,28,Philippines
958,Matthias,Overill,Male,53,Indonesia
959,Rey,Ginn,Female,59,Russia
960,Claresta,Hensmans,Female,3,United States
961,Chrissie,Rathke,Male,17,Iran
962,Welsh,Joinson,Male,24,Portugal
963,Tudor,Sawforde,Male,59,Brazil
964,Theodore,Stratton,Male,32,Serbia
965,Faun,Dodshon,Female,45,Indonesia
966,Clio,Mergue,Female,65,Spain
967,Eachelle,Eglese,Female,17,Guatemala
968,Melvyn,Broxup,Male,86,China
969,Carin,Selwood,Female,85,Czech Republic
970,Isa,Anthill,Female,84,Portugal
971,Kat,Francescone,Female,8,Philippines
972,Bertie,Gitthouse,Female,27,Poland
973,Evin,Lamers,Male,6,Afghanistan
974,Berny,Ubee,Female,30,South Korea
975,Walsh,Currier,Male,4,New Zealand
976,Marve,Ranner,Male,37,Pakistan
977,Hansiain,Genike,Male,46,Canada
978,Kariotta,Tersay,Female,59,Portugal
979,Vivie,Ameer-Beg,Female,67,Portugal
980,Gerri,Dibbe,Female,65,China
981,Damian,Garnsey,Male,43,Ukraine
982,Dick,Cattonnet,Male,89,Indonesia
983,Evania,Freen,Female,5,Guam
984,Bram,Thorneywork,Male,79,Netherlands
985,Levy,Walrond,Male,48,Costa Rica
986,Netti,Burtt,Female,47,Tanzania
987,Caleb,Crumbleholme,Male,34,United States
988,Annnora,Raywood,Female,66,China
989,Farlay,Cast,Male,38,China
990,Jaquith,Hudless,Female,50,Indonesia
991,Otha,Ainge,Female,59,Philippines
992,Rollo,Simnor,Male,64,Russia
993,Meredith,Jaffra,Male,12,Mexico
994,Florenza,Trotton,Female,85,France
995,Barney,Vasechkin,Male,48,Russia
996,Maude,Paternoster,Female,70,Indonesia
997,Mario,Maseyk,Male,79,Bangladesh
998,Anastassia,Slaney,Female,25,China
999,Gallagher,McFarlan,Male,70,Russia
1000,Drew,Mingard,Male,56,Philippines
1001,Van,Payle,Male,8,Sierra Leone
1002,Beltran,Kinforth,Male,74,China
1003,Chrystal,Ancell,Female,33,Indonesia
1004,Jephthah,Martynikhin,Male,17,France
1005,Kelcey,Bentley,Female,87,China
1006,Berthe,Duferie,Female,60,China
1007,Rhea,Minett,Female,43,Brazil
1008,Yance,Sorton,Male,85,Czech Republic
1009,Hannis,Roycraft,Female,57,Czech Republic
1010,Delphinia,Cargill,Female,60,Pakistan
1011,Wendeline,Anstee,Female,75,Portugal
1012,Merwyn,Stamps,Male,1,Brazil
1013,Winslow,McMorland,Male,11,Mongolia
1014,Pavel,Leveritt,Male,8,Indonesia
1015,Enrichetta,Zorener,Female,33,Portugal
1016,Brana,Fellgett,Female,58,Russia
1017,Gaylene,Savage,Female,79,Czech Republic
1018,Inger,Gyorgy,Female,64,Russia
1019,Wylma,Booi,Female,43,France
1020,Mattheus,Shergold,Male,33,Indonesia
1021,Ag,Bysh,Female,77,Palau
1022,Kippar,Gollard,Male,62,Japan
1023,Abigale,Joseland,Female,70,Russia
1024,Agatha,Brampton,Female,13,Burkina Faso
1025,Lacey,Aslott,Female,66,Indonesia
1026,Orlan,Kendell,Male,45,Indonesia
1027,Abeu,Cohani,Male,18,Morocco
1028,Merl,Mearing,Female,4,Indonesia
1029,Benedetta,Cassels,Female,23,Portugal
1030,Gael,Nisius,Female,13,South Africa
1031,Caresa,Brocket,Female,32,Angola
1032,Rowan,Andreoletti,Male,42,China
1033,Wenda,Brenard,Female,1,Thailand
1034,Ebonee,Windus,Female,86,Armenia
1035,Ladonna,Camelin,Female,33,Vietnam
1036,Keen,Cleere,Male,85,Serbia
1037,Man,Longmate,Male,76,Poland
1038,Zitella,List,Female,56,Russia
1039,Shea,Le Grice,Male,15,Austria
1040,Vite,Sharper,Male,72,Nepal
1041,Catherin,Dorsett,Female,70,Ukraine
1042,Lona,Finn,Female,82,Netherlands
1043,Sunny,Coddington,Female,24,Peru
1044,Eric,Fallon,Male,32,China
1045,Luce,Sibbert,Female,79,China
1046,Sander,Dallon,Male,39,Brazil
1047,Puff,Joannet,Male,8,Sweden
1048,Belita,Pancoast,Female,75,Canada
1049,Tomasina,Matushevich,Female,14,Indonesia
1050,Gardy,Bouda,Male,56,Peru
1051,Adan,Semmens,Male,81,France
1052,Clari,Coole,Female,82,China
1053,Meta,Espinas,Female,6,Peru
1054,Orin,Duchatel,Male,10,China
1055,Gasparo,Ivashin,Male,27,Indonesia
1056,Pauletta,Biasetti,Female,67,Thailand
1057,Golda,Halbeard,Female,44,Indonesia
1058,Fawnia,MacGahy,Female,41,Indonesia
1059,Sandy,Scutching,Female,4,Czech Republic
1060,Mirna,Grute,Female,19,Philippines
1061,Wally,Fortman,Female,58,Thailand
1062,Jody,Hitchens,Female,23,China
1063,Kore,Morrowe,Female,13,China
1064,Kamila,Earengey,Female,30,Czech Republic
1065,Vina,Valti,Female,11,Peru
1066,Betti,Checci,Female,61,Armenia
1067,Kyle,Upjohn,Male,29,Sweden
1068,Inge,Caustic,Female,24,Philippines
1069,Jo-ann,Kleimt,Female,43,China
1070,Nikki,O'Currane,Male,62,China
1071,Reagen,Fend,Male,86,Russia
1072,Mair,Polack,Female,86,United States
1073,Adham,Cogan,Male,19,United States
1074,Norby,Wedderburn,Male,46,Poland
1075,Trixi,Cadigan,Female,87,Spain
1076,Dianne,Hanssmann,Female,49,Russia
1077,Tracee,Elloit,Female,77,Peru
1078,Erina,Forder,Female,41,Uganda
1079,Sydelle,Nuss,Female,65,Argentina
1080,Sibeal,Mackin,Female,73,China
1081,Norton,Sara,Male,47,China
1082,Bobby,Lydon,Female,32,Iran
1083,Sylvan,Gothard,Male,74,Sweden
1084,Janean,Heyball,Female,57,Indonesia
1085,Sarge,Bard,Male,19,France
1086,Buddie,Swepson,Male,1,China
1087,Cullen,Iggo,Male,46,France
1088,Suellen,Vile,Female,5,Indonesia
1089,Samaria,Bescoby,Female,75,China
1090,Margette,Vasilic,Female,72,China
1091,Claudia,Plowell,Female,25,Poland
1092,Mace,Paintain,Male,40,China
1093,Courtenay,Gleadhall,Female,8,Poland
1094,Pennie,Mulryan,Female,27,China
1095,Alika,Beckingham,Female,48,China
1096,Viki,Hasted,Female,52,Venezuela
1097,Starla,Shine,Female,57,United States
1098,Eamon,Cheltnam,Male,51,Indonesia
1099,Xymenes,Hall,Male,67,China
1100,Andreas,Cornford,Male,6,Mongolia
1101,Renie,Sturmey,Female,44,France
1102,Earl,Uridge,Male,8,Indonesia
1103,Dorian,Swannack,Male,41,Russia
1104,Ashley,Frogley,Female,26,Nigeria
1105,Sebastian,Allain,Male,75,Indonesia
1106,Tad,Daugherty,Male,23,Thailand
1107,Dicky,Wittleton,Male,62,Ukraine
1108,Alana,Armfirld,Female,15,Argentina
1109,Chrisy,Scoffham,Male,81,Myanmar
1110,Thorpe,Scorer,Male,62,China
1111,Alisa,O'Neill,Female,82,Philippines
1112,Boigie,Giraudoux,Male,73,Philippines
1113,Jessalin,Stagg,Female,19,Brazil
1114,Vickie,Oulner,Female,57,Lithuania
1115,Obie,Kirsch,Male,84,Tanzania
1116,Waylen,Maryman,Male,15,Indonesia
1117,Ulrikaumeko,Knivett,Female,67,Portugal
1118,Harriet,Chillistone,Female,66,Philippines
1119,Tierney,Bennike,Female,9,Philippines
1120,Lothario,Andrey,Male,2,Philippines
1121,Aila,Reignould,Female,23,Thailand
1122,Augustus,Sterricker,Male,46,Ukraine
1123,Mort,Annear,Male,75,China
1124,Reagen,Elkin,Male,7,Indonesia
1125,Buddie,Barbie,Male,27,Philippines
1126,Maury,MacGillivrie,Male,72,Tajikistan
1127,Jacinthe,Aronowitz,Female,26,Czech Republic
1128,Udale,Armit,Male,79,Indonesia
1129,Aurora,Franceschielli,Female,82,Kazakhstan
1130,Kasper,Ivamy,Male,70,Poland
1131,Cass,Kefford,Male,83,Indonesia
1132,Sylvester,MacGarrity,Male,42,Pakistan
1133,Berton,Cropp,Male,58,Peru
1134,Rochette,Oene,Female,32,Finland
1135,Emmy,Korting,Male,51,Thailand
1136,Cello,Hassewell,Male,59,Russia
1137,Tiffani,Aggio,Female,8,Oman
1138,Carleen,Hanmore,Female,88,Cyprus
1139,Karita,Batiste,Female,15,United States
1140,Darda,Hirschmann,Female,61,Indonesia
1141,Wakefield,Elstow,Male,17,China
1142,Gena,Beneze,Female,80,Indonesia
1143,Lazar,Goodday,Male,31,Philippines
1144,Alexandrina,Madgin,Female,51,China
1145,Aurlie,Poxson,Female,61,China
1146,Elena,Kencott,Female,80,Malaysia
1147,Mari,Rackham,Female,56,Czech Republic
1148,Cammie,Pignon,Female,32,Portugal
1149,Marty,Everex,Female,87,Portugal
1150,Grethel,Ramsby,Female,35,Ukraine
1151,Lev,Carcas,Male,18,China
1152,Hernando,Mouse,Male,75,China
1153,Brnaba,Wallman,Male,3,Philippines
1154,Reynold,Halward,Male,7,France
1155,Jocelyn,Shelton,Female,86,Ukraine
1156,Linn,Fayers,Female,56,France
1157,Raeann,Musto,Female,63,China
1158,Wylie,Want,Male,20,France
1159,Aube,de Castelain,Male,40,Indonesia
1160,Vassily,Pask,Male,47,Azerbaijan
1161,Mord,Castano,Male,50,Russia
1162,Lana,Ausiello,Female,27,China
1163,Michele,Merrgan,Male,21,Brazil
1164,Norman,Prydden,Male,43,Indonesia
1165,Mace,Pattenden,Male,69,China
1166,Tobin,Southern,Male,28,Brazil
1167,Hiram,Haddon,Male,75,Philippines
1168,Denys,Witchalls,Female,8,Ireland
1169,Brett,MacGaughie,Female,42,Russia
1170,Raychel,Broadbear,Female,81,China
1171,Tabina,Dragge,Female,66,Venezuela
1172,Vivia,Drohan,Female,56,Brazil
1173,Waverley,Borges,Male,66,Poland
1174,Hale,Goodier,Male,53,Sweden
1175,Ingrim,McKune,Male,1,China
1176,Arny,Scneider,Male,51,Ireland
1177,Mill,Cruxton,Male,41,Russia
1178,Hobey,Eardley,Male,50,Sweden
1179,Rhianna,Verrick,Female,61,Russia
1180,Giacobo,O'Crigan,Male,82,China
1181,Jefferey,Chazotte,Male,65,Peru
1182,Lindsey,Crowth,Male,34,Indonesia
1183,Allegra,Suthworth,Female,8,Mexico
1184,Orlando,Leehane,Male,90,Myanmar
1185,Gloria,McQuie,Female,26,China
1186,Adelle,Glasspoole,Female,25,Sweden
1187,Mic,Henniger,Male,66,Indonesia
1188,Carlin,Colecrough,Male,60,Indonesia
1189,Jeffy,Targetter,Male,68,Ukraine
1190,Margery,Chewter,Female,39,Indonesia
1191,Garth,Flecknoe,Male,81,China
1192,Jeremias,Le febre,Male,89,Poland
1193,Stanislaus,Kluge,Male,21,Poland
1194,Nikolos,Ivashin,Male,44,Tanzania
1195,Val,Chilton,Male,25,Indonesia
1196,Herschel,Cheek,Male,77,Canada
1197,Kin,L'argent,Male,27,China
1198,Igor,Balaizot,Male,26,Poland
1199,Umeko,Farnish,Female,51,China
1200,Lazare,Morey,Male,54,Indonesia
1201,Sigismond,Askaw,Male,70,Russia
1202,Louella,Gayforth,Female,46,Sweden
1203,Curcio,Thaxton,Male,42,China
1204,Toddie,Kitman,Male,22,Lithuania
1205,Lindy,Barends,Female,61,Brazil
1206,Cherri,Mavin,Female,8,France
1207,Caroline,Shimoni,Female,42,Morocco
1208,Lurline,Guitonneau,Female,56,Sweden
1209,Beth,Triggel,Female,90,Japan
1210,Britni,Hernik,Female,75,Philippines
1211,Carr,Gutridge,Male,17,Czech Republic
1212,Robbyn,Jedrachowicz,Female,26,Indonesia
1213,Olga,Ruffell,Female,58,Philippines
1214,Sheena,Richly,Female,17,Egypt
1215,Nealon,Swancock,Male,42,Japan
1216,Toni,Greeno,Female,75,Mexico
1217,Karol,Briddock,Female,13,China
1218,Marin,Cammidge,Female,88,Indonesia
1219,Modesta,Griffitts,Female,80,France
1220,Annabal,Gaitung,Female,69,Portugal
1221,Clarine,Curcher,Female,24,Philippines
1222,Austin,Capron,Male,63,Finland
1223,Bernhard,Lasselle,Male,54,Philippines
1224,Claus,Eard,Male,32,France
1225,Eugenia,Aspital,Female,88,Vietnam
1226,Derk,Strathern,Male,60,Indonesia
1227,Maighdiln,Josselsohn,Female,36,Canada
1228,Peterus,Nanuccioi,Male,49,Thailand
1229,Debra,Dore,Female,49,Norway
1230,Berk,Rugieri,Male,40,Honduras
1231,Aurore,Ager,Female,67,Finland
1232,Ashton,Goodboddy,Male,87,China
1233,Reed,Brecher,Male,8,United States
1234,Antonina,Gravenor,Female,68,South Africa
1235,Jessi,Need,Female,34,China
1236,Debi,Winnister,Female,10,United States
1237,Victor,Oake,Male,43,Pakistan
1238,Gunar,Paszak,Male,34,China
1239,Cecilius,Allardyce,Male,5,Bosnia and Herzegovina
1240,Cecilio,Berzin,Male,31,Armenia
1241,Margalo,Humphrey,Female,55,Colombia
1242,Sebastien,Vittore,Male,68,Russia
1243,Peggie,Lowndes,Female,11,Poland
1244,Christian,Rounsivall,Female,63,Thailand
1245,Dulci,Bignell,Female,55,China
1246,Milly,Cattlemull,Female,26,China
1247,Pavla,Bartoszinski,Female,54,Vietnam
1248,Temple,Jeayes,Male,78,Namibia
1249,Boony,Lamperd,Male,4,Finland
1250,Estrellita,Grimsdale,Female,53,Poland
1251,Shell,Daintry,Male,6,Indonesia
1252,Adelaida,Stoffersen,Female,44,Philippines
1253,Quinton,Dashkovich,Male,12,China
1254,Berky,Jost,Male,24,Sweden
1255,Joshua,Vidloc,Male,12,Philippines
1256,Chandal,Kirsch,Female,42,Indonesia
1257,Wildon,Sturch,Male,15,French Guiana
1258,Trace,Colten,Male,42,Portugal
1259,Sonni,Bransby,Female,69,Greece
1260,Lamar,Christer,Male,76,China
1261,Sarita,Libbis,Female,8,France
1262,Sven,Walsh,Male,31,Thailand
1263,Eleni,Josum,Female,80,Brazil
1264,Dicky,Baleine,Male,27,Kazakhstan
1265,Hal,Rowantree,Male,83,Canada
1266,Shermie,Fransseni,Male,29,Iran
1267,Hammad,Sporle,Male,23,China
1268,Cathie,Ehrat,Female,63,Brazil
1269,Terrill,Melendez,Male,81,Greece
1270,Marianne,Matuszewski,Female,64,Belarus
1271,Hernando,Van der Krui,Male,22,China
1272,Alice,Jallin,Female,68,Ukraine
1273,Imogen,Abrahamoff,Female,19,Serbia
1274,Rube,Pardy,Male,70,Indonesia
1275,Benni,Bollands,Female,1,Czech Republic
1276,Iago,Geill,Male,16,Russia
1277,Reube,McClounan,Male,56,China
1278,Andy,Lowcock,Male,24,Philippines
1279,Kandace,Wiltshaw,Female,4,Tanzania
1280,Preston,Iacomelli,Male,74,Sweden
1281,Cosimo,Zink,Male,88,Brazil
1282,Sheridan,Langstone,Male,59,Mexico
1283,Jefferey,Caldaro,Male,3,Russia
1284,Casandra,Embleton,Female,63,United States
1285,Phillip,Giampietro,Male,68,Indonesia
1286,Arel,Jurgensen,Male,24,China
1287,Arlana,McSkin,Female,32,Vietnam
1288,Wendell,Carberry,Male,70,Philippines
1289,Kristos,De Blasi,Male,7,China
1290,Mortie,Mellsop,Male,73,Cyprus
1291,Harmonia,Selcraig,Female,32,China
1292,Claudelle,Leppard,Female,27,China
1293,Annecorinne,Cowap,Female,59,Indonesia
1294,Kristos,McGillivray,Male,69,Poland
1295,Portie,Jallin,Male,32,Sudan
1296,Amii,Reijmers,Female,16,Portugal
1297,Dana,Kanzler,Male,11,Sweden
1298,Gale,Tiebe,Female,13,Tanzania
1299,Leigh,Dockreay,Male,57,Uruguay
1300,Clayborne,Deverell,Male,77,Montenegro
1301,Emmye,Copin,Female,10,Philippines
1302,Viv,Keenan,Female,5,France
1303,Sibylla,Sindall,Female,6,South Africa
1304,Gothart,Grebner,Male,54,Colombia
1305,Kassi,Jupe,Female,20,China
1306,Arden,Claasen,Female,48,Indonesia
1307,Marcile,Bischop,Female,20,Indonesia
1308,Udell,Rubrow,Male,11,Canada
1309,Siusan,Leemans,Female,89,Macedonia
1310,Ariela,Valenti,Female,40,Russia
1311,Robinett,Towsey,Female,18,Indonesia
1312,Launce,Larkby,Male,30,United States
1313,Alessandra,Feltoe,Female,29,Russia
1314,Loren,Alessandone,Male,43,Philippines
1315,Dante,Lintill,Male,7,Vietnam
1316,Chrissie,Langmuir,Male,34,Sweden
1317,Janie,Hindge,Female,23,South Africa
1318,Joanne,Chicchetto,Female,70,China
1319,Liana,Yacobsohn,Female,76,Lebanon
1320,Clay,Hartley,Male,69,Norway
1321,Evelyn,Harding,Male,18,Indonesia
1322,Kennan,Bevan,Male,67,Czech Republic
1323,Massimo,Pauer,Male,10,Indonesia
1324,Lenee,Storrock,Female,77,Dominican Republic
1325,Belinda,McKearnen,Female,78,Indonesia
1326,Lowell,Bice,Male,19,Philippines
1327,Eadmund,Kelf,Male,80,China
1328,Maryrose,Janosevic,Female,81,Philippines
1329,Karleen,Craik,Female,68,New Zealand
1330,Lynda,Stables,Female,37,Ukraine
1331,Truman,Kollaschek,Male,33,Norway
1332,Dominik,Bobasch,Male,18,China
1333,Graeme,Cherrison,Male,57,South Africa
1334,Carlyn,Vickors,Female,86,Ukraine
1335,Allan,Jesper,Male,50,Venezuela
1336,Ezra,Mearns,Male,87,Greece
1337,Erik,Ledekker,Male,52,Portugal
1338,Nerta,Roget,Female,60,Russia
1339,Valina,Cruddas,Female,11,Ecuador
1340,Jacqueline,Trinder,Female,9,Ukraine
1341,Alfi,Tisor,Female,35,Colombia
1342,Noell,Braiden,Female,78,Indonesia
1343,Bridget,Deary,Female,80,Kazakhstan
1344,Berkie,Solloway,Male,51,Japan
1345,Thoma,Corradeschi,Male,56,Australia
1346,Vasily,Briers,Male,74,Indonesia
1347,Marys,Peploe,Female,81,Mexico
1348,Rosaleen,Hinze,Female,31,Burkina Faso
1349,Reinhold,Garza,Male,42,Malaysia
1350,Hasty,Charnick,Male,78,France
1351,Alleyn,Vallintine,Male,16,Japan
1352,Andreana,Howcroft,Female,14,Indonesia
1353,Priscella,Barringer,Female,31,China
1354,Alethea,Surman,Female,78,Jamaica
1355,Hayyim,Ivimey,Male,57,New Zealand
1356,Mead,Edis,Female,48,China
1357,Kingsly,MacGillivrie,Male,67,Latvia
1358,Sam,Samsworth,Male,88,China
1359,Cathy,Yeld,Female,8,Russia
1360,Ferris,Fant,Male,48,Indonesia
1361,Luis,Arrighini,Male,68,Indonesia
1362,Blakelee,Benterman,Female,14,China
1363,Nathaniel,Soots,Male,30,Peru
1364,Dorisa,Cowey,Female,57,Republic of the Congo
1365,Kellen,Gianneschi,Male,53,Russia
1366,Augustina,Werlock,Female,29,Honduras
1367,Adolpho,Kerwood,Male,7,Greece
1368,Netti,Webb-Bowen,Female,57,Iraq
1369,Misty,Zupone,Female,82,Portugal
1370,Yoko,Maddrell,Female,59,Indonesia
1371,Anna-maria,Cordova,Female,69,China
1372,Gregoor,Sturdgess,Male,48,Peru
1373,Annabelle,O'Dowling,Female,78,Philippines
1374,Dougy,Hawkswood,Male,49,China
1375,Evie,Tearney,Female,25,Russia
1376,Nathaniel,Fernez,Male,23,China
1377,Conway,Magenny,Male,3,Central African Republic
1378,Nikolas,Truter,Male,16,United States
1379,Adrianna,Caplan,Female,1,Philippines
1380,Vanessa,Lepper,Female,65,Ghana
1381,Hanni,Rape,Female,55,Lithuania
1382,Jen,Grigorian,Female,43,Czech Republic
1383,Cullan,Messer,Male,47,Indonesia
1384,Reynold,Cubbinelli,Male,63,Indonesia
1385,Shaylah,Beetles,Female,85,Lithuania
1386,Ashton,Blesdill,Male,1,Ukraine
1387,Gianna,Legrice,Female,68,Portugal
1388,Whitney,Grunwall,Male,4,Portugal
1389,Raquela,Trundell,Female,54,Dominican Republic
1390,Elsi,Andretti,Female,36,Poland
1391,Clim,Lampe,Male,80,Russia
1392,Emmett,Ogilvie,Male,20,China
1393,Estell,Casoni,Female,50,China
1394,Bradney,Leek,Male,23,China
1395,Vasilis,Cobello,Male,56,Brazil
1396,Torry,Tedorenko,Male,45,Sweden
1397,Pietra,Russilll,Female,17,China
1398,Norina,Barnett,Female,66,Ecuador
1399,Courtenay,Reyna,Female,16,Netherlands
1400,Janina,Whawell,Female,68,Netherlands
1401,Janie,Court,Female,42,Slovenia
1402,Constanta,Farley,Female,14,China
1403,Darill,Wase,Male,75,France
1404,Louis,Piscopello,Male,61,Brazil
1405,Dory,Ivanchenkov,Male,50,Brazil
1406,William,Fansy,Male,17,Morocco
1407,Jarib,Craven,Male,90,Burkina Faso
1408,Yehudit,Dunston,Male,56,Russia
1409,Calvin,Drover,Male,60,Peru
1410,Jasmine,Purcer,Female,64,China
1411,Gerti,Flecknell,Female,73,China
1412,Tam,Betonia,Male,70,Colombia
1413,Eryn,Persitt,Female,23,Vietnam
1414,Norrie,Hubble,Female,43,Kenya
1415,Netta,Toombes,Female,32,Democratic Republic of the Congo
1416,Galen,Acom,Male,64,China
1417,Frasco,Symcox,Male,81,France
1418,Herby,Preedy,Male,2,Sweden
1419,Ayn,Cromb,Female,87,Mexico
1420,Dewey,Kayne,Male,33,Russia
1421,Garald,Connor,Male,54,Indonesia
1422,Drusi,Hothersall,Female,66,Philippines
1423,Berkley,Jopp,Male,63,Thailand
1424,Giff,Comport,Male,65,Finland
1425,Cassondra,Pearlman,Female,84,Greece
1426,Dani,Bangs,Male,36,China
1427,Flem,Yanshin,Male,11,Philippines
1428,Ulick,Grundy,Male,61,Poland
1429,Amalia,Hotton,Female,87,Mongolia
1430,Shari,Drinkhill,Female,43,Canada
1431,Ellen,Cuel,Female,50,Mexico
1432,Valene,Helm,Female,76,Honduras
1433,Iorgo,Kramer,Male,52,Kazakhstan
1434,Morissa,Godspeede,Female,6,China
1435,Scott,Pelerin,Male,9,China
1436,Dasha,Blant,Female,3,Russia
1437,Nicolas,Harborow,Male,32,Democratic Republic of the Congo
1438,Homere,Rutty,Male,63,Armenia
1439,Cristina,Tardiff,Female,34,Philippines
1440,Stuart,Larchiere,Male,28,China
1441,Barry,Cardenas,Female,46,Mexico
1442,Dona,Elsmor,Female,45,Peru
1443,Briant,Bastin,Male,19,Indonesia
1444,Tamara,Garvin,Female,68,Myanmar
1445,Hal,Bohlsen,Male,62,Russia
1446,Allianora,Avann,Female,83,Ethiopia
1447,Tania,Boxer,Female,46,Canada
1448,Clarke,Junifer,Male,30,Philippines
1449,Lana,MacLleese,Female,43,Russia
1450,Hinze,Lissett,Male,57,Argentina
1451,Oralla,Danielovitch,Female,72,Denmark
1452,Joelle,Archley,Female,76,France
1453,Fara,Ladel,Female,70,Lithuania
1454,Vitoria,Fayter,Female,1,Ecuador
1455,Roshelle,Sapp,Female,22,France
1456,Federica,Cusick,Female,80,Philippines
1457,Cymbre,Zieme,Female,52,China
1458,Austen,Bentke,Male,50,Indonesia
1459,Morgen,Gascoine,Male,64,France
1460,Ely,Parnell,Male,74,North Korea
1461,Durant,Keavy,Male,31,China
1462,Blancha,Sedgman,Female,57,China
1463,Ingunna,Samett,Female,24,Cuba
1464,Amby,Shipsey,Male,60,Poland
1465,Laurene,Copcott,Female,31,France
1466,Mozelle,Doogue,Female,33,Georgia
1467,Ambrosius,Fines,Male,74,Russia
1468,Ilyssa,Pilipets,Female,57,Nigeria
1469,Cary,Morrott,Female,87,Pakistan
1470,Risa,Pester,Female,20,Indonesia
1471,Torrie,Adlington,Female,37,Japan
1472,Benedikta,Huerta,Female,47,Macedonia
1473,Maxie,Dumphry,Female,24,China
1474,Dev,Rottery,Male,12,China
1475,Antonius,Jepps,Male,27,Ethiopia
1476,Marven,Grouer,Male,56,Thailand
1477,Garry,Shakespeare,Male,15,Indonesia
1478,Madlen,Izen,Female,6,Brazil
1479,Daisey,McKeady,Female,37,Ireland
1480,Cosme,Casewell,Male,41,Mexico
1481,Kay,Crowter,Female,32,Sweden
1482,Lorraine,Archambault,Female,46,Poland
1483,Sadie,Durrad,Female,76,Jordan
1484,Craig,Strood,Male,70,Indonesia
1485,Jemimah,Gowland,Female,25,Malta
1486,Niles,Piddock,Male,33,Indonesia
1487,Bev,Fullalove,Male,53,Indonesia
1488,Giordano,Guidera,Male,79,Colombia
1489,Jacky,Leipold,Female,69,Latvia
1490,Averil,O'Sheilds,Male,38,Somalia
1491,Grethel,MacComiskey,Female,57,Sweden
1492,Price,Edworthie,Male,74,China
1493,Valma,Wharton,Female,68,Tanzania
1494,Terrye,Jaskowicz,Female,58,Indonesia
1495,Marina,McKitterick,Female,81,China
1496,Halsey,Doerffer,Male,55,Azerbaijan
1497,Edlin,Gilbertson,Male,36,China
1498,Manya,Woolatt,Female,14,Brazil
1499,Salvatore,Yankin,Male,81,China
1500,Truda,Henkmann,Female,30,France
1501,Glynnis,Cutchee,Female,76,Colombia
1502,Sherlock,De Normanville,Male,63,China
1503,Vincenty,De Ath,Male,47,Sierra Leone
1504,Cecil,Parkhouse,Male,36,Luxembourg
1505,Gaelan,Kenelin,Male,60,Lithuania
1506,Georgeta,Crowther,Female,30,Russia
1507,Nathalie,Brave,Female,49,Vietnam
1508,Jeffy,Sphinxe,Male,62,China
1509,Julie,Brokenshaw,Male,71,Indonesia
1510,Gertrud,Gladden,Female,59,Japan
1511,Tate,Sedge,Female,57,Portugal
1512,Cecily,Kemish,Female,39,China
1513,Vaughan,Tamas,Male,86,China
1514,Roze,Onslow,Female,15,United States
1515,Ange,Gawthrop,Female,25,Indonesia
1516,Ken,Fruin,Male,67,Russia
1517,Andie,Krop,Female,12,China
1518,Esmaria,Pavlishchev,Female,1,Malaysia
1519,Meagan,Ringham,Female,72,China
1520,Nathalie,Pardey,Female,71,Pakistan
1521,Hyman,Goatcher,Male,53,Russia
1522,Ax,Stonehewer,Male,68,China
1523,Madelyn,Pithcock,Female,35,Indonesia
1524,Nolie,Skewis,Female,39,Slovenia
1525,Davidson,De la Yglesias,Male,12,Philippines
1526,Godfree,Zecchinii,Male,61,Ireland
1527,Elspeth,Snasdell,Female,69,Portugal
1528,Melloney,Poplee,Female,17,Poland
1529,Mame,Yendle,Female,60,Saudi Arabia
1530,Dorella,Dutson,Female,3,China
1531,Devlin,Clynmans,Male,47,Costa Rica
1532,Harald,Spowart,Male,71,Philippines
1533,Germayne,Bartali,Male,66,China
1534,Wain,Abrahamsson,Male,76,Argentina
1535,Heloise,Culverhouse,Female,29,Sweden
1536,Jerald,Boar,Male,58,China
1537,Valentin,Bakes,Male,35,China
1538,Jessa,McQuorkel,Female,8,China
1539,Manny,Cridlon,Male,67,Italy
1540,Guillaume,Scarfe,Male,15,Romania
1541,Roxane,McNeice,Female,14,China
1542,Reider,Facher,Male,34,Peru
1543,Amberly,Worham,Female,66,Uzbekistan
1544,Karine,Trevers,Female,41,China
1545,Osborne,Rawling,Male,60,Sweden
1546,Norbie,Crannis,Male,16,Argentina
1547,Bartholemy,Spino,Male,90,Czech Republic
1548,Ric,Laroux,Male,61,Lithuania
1549,Wilfrid,Nibley,Male,56,Russia
1550,Josi,Sanger,Female,45,Ireland
1551,Karita,Petrusch,Female,28,Russia
1552,Goldy,Renfield,Female,14,China
1553,Bevin,Silliman,Male,90,Philippines
1554,Nollie,Wetherill,Male,4,Czech Republic
1555,Lawrence,Fawley,Male,81,Mexico
1556,Gillan,Bizzey,Female,87,China
1557,Aeriela,Bresson,Female,15,China
1558,Mack,Luc,Male,40,Indonesia
1559,Brewster,Hallin,Male,22,Cuba
1560,Way,Dibb,Male,13,China
1561,Tabbatha,Audenis,Female,2,China
1562,Juana,Yakubovics,Female,80,Indonesia
1563,Zola,Tysall,Female,11,China
1564,Devonne,Tredgold,Female,22,South Africa
1565,Ardys,Wittier,Female,31,Australia
1566,Almire,Kilgrove,Female,49,Cameroon
1567,Kennan,Minogue,Male,38,China
1568,Washington,Dumsday,Male,44,China
1569,Georgie,Curphey,Male,26,Japan
1570,Jaquelin,Suttaby,Female,12,France
1571,Wilma,Baack,Female,81,United States
1572,Cherice,Cromar,Female,82,Philippines
1573,Jeana,Fray,Female,68,Poland
1574,Stacey,Lindeman,Female,11,China
1575,Jose,Jeffers,Male,35,Nigeria
1576,Sterne,Cowland,Male,63,Russia
1577,Kippy,Booth,Male,56,Philippines
1578,Cara,Fraanchyonok,Female,27,France
1579,Gaby,Rowledge,Male,71,Indonesia
1580,Maribel,Enrietto,Female,72,Poland
1581,Oliy,Wessing,Female,14,France
1582,Claudelle,Myles,Female,33,Poland
1583,Blondy,Carverhill,Female,77,Indonesia
1584,Edward,Clawley,Male,23,Russia
1585,Rawley,Matuszkiewicz,Male,39,Palestinian Territory
1586,Desdemona,Gaywood,Female,40,China
1587,Patrizio,Castellani,Male,3,Thailand
1588,Darby,Kilby,Male,15,Brazil
1589,Heath,McCluskey,Female,82,Albania
1590,Saba,Merrilees,Female,4,China
1591,Arda,Schoular,Female,4,China
1592,Reinald,Mingardo,Male,33,Poland
1593,Margery,Pawelec,Female,15,United States
1594,Arther,Malia,Male,64,United States
1595,Bernette,Lindenberg,Female,32,Dominica
1596,Tallie,Folkes,Female,41,Indonesia
1597,Ardith,Kynan,Female,44,Macedonia
1598,Ole,Bigly,Male,89,Indonesia
1599,Morie,Hammett,Male,86,Russia
1600,Salvidor,Bunnell,Male,66,Brazil
1601,Merla,Oxtarby,Female,50,China
1602,Clarie,Rolph,Female,72,Tanzania
1603,Maura,Cade,Female,85,Indonesia
1604,Aguistin,Brisson,Male,14,Indonesia
1605,Kelly,Jays,Male,69,Philippines
1606,Cass,Joel,Male,47,China
1607,Lynnell,Kincaid,Female,6,Indonesia
1608,Marris,Goldis,Female,25,Philippines
1609,Bess,Mewett,Female,80,China
1610,Aubert,Palleske,Male,44,China
1611,Locke,Floyde,Male,64,Thailand
1612,Ladonna,Verrill,Female,85,China
1613,Michele,Currey,Male,52,Sweden
1614,Prent,Di Ruggero,Male,23,France
1615,Dill,Gorusso,Male,76,Vietnam
1616,Leelah,Cisar,Female,17,Peru
1617,Edeline,Major,Female,40,Colombia
1618,Lyell,Ambrosch,Male,41,Mauritius
1619,Doralynne,Arnull,Female,31,Madagascar
1620,Gert,Kupisz,Female,82,Brazil
1621,Oliy,Gollop,Female,48,France
1622,Kinsley,Ryburn,Male,2,Indonesia
1623,Jesselyn,Larratt,Female,31,China
1624,Laurie,Hoovart,Female,18,Philippines
1625,Patton,McAteer,Male,88,China
1626,Elnar,Bransden,Male,64,Poland
1627,Petr,Gopsall,Male,88,Philippines
1628,Korella,Hann,Female,56,Portugal
1629,Gibbie,Craighall,Male,52,Russia
1630,Aleta,Pignon,Female,90,China
1631,Emalia,Craisford,Female,29,Peru
1632,Dominik,Nono,Male,47,Brazil
1633,Melonie,Casaro,Female,14,Poland
1634,Jeth,Bremley,Male,27,Philippines
1635,Craggy,Kless,Male,72,Indonesia
1636,Vivian,Abrahami,Female,17,China
1637,Tiertza,Sporner,Female,89,Tanzania
1638,Adlai,Longrigg,Male,33,Netherlands
1639,Ariana,Ludron,Female,17,Central African Republic
1640,Hagan,Carnihan,Male,19,Gabon
1641,Skelly,Spataro,Male,63,China
1642,Gena,Whiston,Female,84,Philippines
1643,Doralynne,Senussi,Female,16,France
1644,Andrew,Josefs,Male,40,Austria
1645,Kenyon,Bohlens,Male,59,Colombia
1646,Erminie,Brecknock,Female,7,China
1647,Myrilla,Lent,Female,74,Thailand
1648,Dalt,Perree,Male,83,Greece
1649,Asa,Hurlston,Male,59,Pakistan
1650,Teressa,Stranahan,Female,26,China
1651,Sloane,Sigart,Male,39,Thailand
1652,Rutter,How,Male,89,China
1653,Elwyn,Mc Andrew,Male,54,United States
1654,Kendre,Isaksen,Female,4,Russia
1655,Darlene,Benediktovich,Female,43,France
1656,Peder,Gleeson,Male,58,Indonesia
1657,Wilhelmina,Fransinelli,Female,74,Palestinian Territory
1658,Shae,Rainforth,Male,36,Germany
1659,Krissy,Ommundsen,Female,83,Czech Republic
1660,Byrann,Stockport,Male,4,Ukraine
1661,Katherine,Lorens,Female,79,Australia
1662,Grantley,Donlon,Male,49,Thailand
1663,Randell,Cordeau],Male,50,Colombia
1664,Rufe,Schulze,Male,48,France
1665,Tish,Begwell,Female,54,United States
1666,Robinetta,Pollett,Female,89,Indonesia
1667,Federico,Oliffe,Male,49,Portugal
1668,Aharon,Conningham,Male,66,Portugal
1669,Ernesta,Ishaki,Female,17,Morocco
1670,Fredrika,Paradyce,Female,15,Poland
1671,Gunter,Pleasants,Male,57,Australia
1672,Bobbye,Luffman,Female,88,Poland
1673,Stephani,Croxford,Female,43,Bangladesh
1674,Kathi,Adair,Female,42,Mongolia
1675,Inglebert,Bick,Male,60,China
1676,Eachelle,Koche,Female,66,Bhutan
1677,Winne,Drewe,Female,87,Afghanistan
1678,Minor,Grandisson,Male,43,Belarus
1679,Kristel,Banton,Female,32,Kazakhstan
1680,Bart,Dayly,Male,26,Ukraine
1681,Simon,Sidlow,Male,45,Poland
1682,Brandice,Jertz,Female,72,Colombia
1683,Jeri,Budgeon,Female,76,Zambia
1684,Brennan,Machon,Male,82,Cuba
1685,Ira,Kilford,Female,15,Vietnam
1686,Belicia,Fowlestone,Female,14,Ivory Coast
1687,Benjie,Whalley,Male,16,China
1688,Westleigh,Andriulis,Male,12,Russia
1689,Heriberto,Skrines,Male,51,Brazil
1690,Reade,Avramovsky,Male,89,Luxembourg
1691,Carmelina,Thorndycraft,Female,4,Ivory Coast
1692,Dunc,Mallia,Male,59,Indonesia
1693,Beryle,Kabsch,Female,85,Philippines
1694,Terrie,Forryan,Female,12,China
1695,Zulema,Brogi,Female,2,Ukraine
1696,Ethelin,Fuchs,Female,75,Brazil
1697,Enoch,Duthy,Male,71,Chile
1698,Kamilah,Leppo,Female,8,Luxembourg
1699,Inna,Domoney,Female,84,Portugal
1700,Bartholomew,Stallworthy,Male,57,Greece
1701,Dominique,Domegan,Female,8,China
1702,Latrina,Hurne,Female,20,China
1703,Tracie,Nicolls,Female,78,South Africa
1704,Seth,Goult,Male,14,Sweden
1705,Oliver,Vallack,Male,20,Indonesia
1706,Broddy,Ogers,Male,79,Russia
1707,Francklin,Petrowsky,Male,43,China
1708,Zeke,Geharke,Male,51,Peru
1709,Barnie,Bremmell,Male,47,China
1710,Sheila,Brickhill,Female,33,Jordan
1711,Arleen,Sawood,Female,85,Indonesia
1712,Kimberley,Pavlenkov,Female,1,Netherlands
1713,Zelda,Lovart,Female,9,Indonesia
1714,Letitia,Founds,Female,78,China
1715,Rube,Licas,Male,14,Afghanistan
1716,Jacintha,Newland,Female,17,Tanzania
1717,Kariotta,Giddy,Female,79,China
1718,Miltie,Crilly,Male,24,Paraguay
1719,Garvy,Ferrie,Male,44,Luxembourg
1720,Modesty,Joll,Female,67,China
1721,Selie,Burd,Female,32,Czech Republic
1722,Davidde,MacTrustram,Male,77,France
1723,Ingmar,Stradling,Male,22,Malaysia
1724,Cherise,Rizzardi,Female,58,Guam
1725,Keri,Duns,Female,60,Indonesia
1726,Jessa,Ridgers,Female,14,France
1727,Katrinka,Latus,Female,66,Egypt
1728,Giraldo,Chaperling,Male,49,Kyrgyzstan
1729,Rafe,Bigg,Male,35,China
1730,Jasmine,Schiesterl,Female,48,South Korea
1731,Ernesto,Pedersen,Male,10,Philippines
1732,Koralle,Minty,Female,71,Philippines
1733,Anestassia,Bittleson,Female,6,China
1734,Bailie,Nuzzti,Male,14,Philippines
1735,Aprilette,Loveless,Female,79,Slovenia
1736,Euphemia,Keitch,Female,49,Poland
1737,Ferd,Brodway,Male,26,Western Sahara
1738,Kyla,Gwinnell,Female,35,Brazil
1739,Jephthah,Ransfield,Male,54,Portugal
1740,Cathee,Lammiman,Female,89,Thailand
1741,Bald,Scatchard,Male,79,Albania
1742,Adrianne,Durtnel,Female,27,Indonesia
1743,Viviyan,Tolliday,Female,58,Poland
1744,Schuyler,Girardi,Male,27,Germany
1745,Joelynn,MacCallum,Female,27,China
1746,Mariele,Rodriguez,Female,82,Norway
1747,Merrili,Giffard,Female,43,Denmark
1748,Judith,Fulford,Female,43,Guinea
1749,Granville,Pettegree,Male,22,Canada
1750,Tomi,Westerman,Female,36,France
1751,David,Bessett,Male,88,China
1752,Aube,Waulker,Male,18,China
1753,Kessia,Arstall,Female,14,Philippines
1754,Susanna,Lorkings,Female,42,United States
1755,Robbie,Belford,Female,81,United States
1756,Jarrad,Geroldini,Male,29,Indonesia
1757,Ave,Wrightam,Male,26,Indonesia
1758,Laurie,Schmuhl,Male,13,France
1759,Giusto,Miskin,Male,79,Philippines
1760,Kessiah,Buzza,Female,4,Sweden
1761,Sasha,Rippin,Male,20,Portugal
1762,Liam,Hargie,Male,6,Indonesia
1763,Sarette,Beaten,Female,77,Canada
1764,Abrahan,Kingsland,Male,42,Brazil
1765,Roderigo,Nunnerley,Male,7,Albania
1766,Shalne,Lyosik,Female,35,Argentina
1767,Elladine,Paske,Female,4,Poland
1768,Jessie,Alejandre,Female,90,Poland
1769,Gussie,Wroath,Female,72,Albania
1770,Rudy,Carter,Male,53,Philippines
1771,Enid,Dafforne,Female,70,Philippines
1772,Coralie,Klammt,Female,2,China
1773,Richardo,Franc,Male,5,China
1774,Luise,Antill,Female,22,China
1775,Tracy,Sperling,Female,76,China
1776,Zak,Yorston,Male,64,United States
1777,Aubine,Jandl,Female,75,Latvia
1778,Jammal,Sergeaunt,Male,17,Russia
1779,Garrick,Grove,Male,52,Nigeria
1780,Jorge,Jon,Male,16,China
1781,Marchall,Bartoszewicz,Male,30,Serbia
1782,Sharline,Bausmann,Female,71,China
1783,Rollie,Plumb,Male,61,Russia
1784,Gabbie,Dart,Female,74,Haiti
1785,Alair,Shermore,Male,73,China
1786,Noell,Oakton,Female,39,China
1787,Trever,Ambrosoli,Male,62,China
1788,Keene,Shipsey,Male,4,China
1789,Ahmed,Presser,Male,3,China
1790,Simona,Girardoni,Female,25,Macedonia
1791,Giralda,Peacock,Female,23,Indonesia
1792,Christan,Keuning,Female,20,Ethiopia
1793,Whit,Bamlett,Male,10,Philippines
1794,Ginelle,Marriage,Female,87,United States
1795,Helenka,Vasyukov,Female,84,Sweden
1796,Eric,Snadden,Male,26,Poland
1797,Torrin,Cordeiro,Male,59,Sweden
1798,Gene,Deer,Male,58,Vietnam
1799,Tawsha,Hatwells,Female,84,Brazil
1800,Oriana,Bradman,Female,45,China
1801,Egbert,Comellini,Male,7,Nigeria
1802,Damian,Becconsall,Male,66,China
1803,Tudor,Finnigan,Male,50,Niger
1804,Elsy,Piffe,Female,58,China
1805,Phedra,Oneil,Female,42,China
1806,Debor,Solley,Female,31,France
1807,Garwood,Conklin,Male,68,Poland
1808,Mart,Fairpo,Male,70,New Zealand
1809,Reggis,Prier,Male,83,Greece
1810,Ferguson,McIlvoray,Male,86,Indonesia
1811,Brian,Klimsch,Male,45,Georgia
1812,Jock,Scrafton,Male,82,China
1813,Ibby,Danielski,Female,53,Panama
1814,Kenyon,McCarver,Male,5,Greece
1815,Natala,Boick,Female,84,China
1816,Nye,Foot,Male,87,China
1817,Bradney,Fusco,Male,57,Finland
1818,Emlyn,Pettus,Male,59,Indonesia
1819,Urbano,Crix,Male,38,Philippines
1820,Ingemar,Dunmore,Male,83,Oman
1821,Liana,Strongman,Female,22,Indonesia
1822,Alanah,Dubose,Female,60,United States
1823,Burty,Roubeix,Male,77,Greece
1824,Dre,Crathorne,Female,2,China
1825,Rania,Rankling,Female,20,Sweden
1826,Zsa zsa,Spencers,Female,79,China
1827,Brig,Hurl,Male,12,China
1828,Gerladina,Stratley,Female,47,Japan
1829,Sophey,Sealey,Female,52,China
1830,Bailie,Mirralls,Male,43,Sweden
1831,Ian,Skottle,Male,53,Colombia
1832,Eydie,Haughton,Female,80,Philippines
1833,Mickie,Greed,Male,55,China
1834,Maris,Goodred,Female,69,Belarus
1835,Tracey,Rolin,Female,56,Poland
1836,Bax,Brehault,Male,51,Philippines
1837,Nicolais,Wason,Male,78,Bolivia
1838,Hermie,Morfey,Male,22,China
1839,Chiarra,Erickson,Female,9,Russia
1840,Alistair,Fyers,Male,50,Indonesia
1841,Obed,Patek,Male,46,Sweden
1842,Cozmo,Coneley,Male,67,Uruguay
1843,Darnall,Stollsteiner,Male,72,Philippines
1844,Ethelin,Melwall,Female,80,China
1845,Stanwood,Breddy,Male,43,Ireland
1846,Zorah,Reeson,Female,87,Afghanistan
1847,Crystie,Peedell,Female,34,Ethiopia
1848,Hendrik,Ravenscraft,Male,4,China
1849,Mitchell,Segrave,Male,11,Sweden
1850,Gerrie,Ireland,Male,71,Peru
1851,Hunter,Lippitt,Male,62,China
1852,Mace,Dursley,Male,76,Cameroon
1853,Marietta,Cockaday,Female,62,Samoa
1854,Veriee,Lyste,Female,44,Indonesia
1855,Jae,Jose,Male,64,China
1856,Luise,Didball,Female,71,Philippines
1857,King,Denerley,Male,48,Philippines
1858,Adah,Perree,Female,41,Canada
1859,Dieter,Bastie,Male,71,China
1860,Bidget,Edge,Female,4,Philippines
1861,Corrie,Peschka,Male,35,China
1862,Corabelle,Sline,Female,52,South Africa
1863,Francisca,Bonome,Female,72,Ukraine
1864,Berkeley,Pennone,Male,34,Russia
1865,Darren,Hanmore,Male,51,Guatemala
1866,Alfons,McKinney,Male,62,Mexico
1867,Noll,Evill,Male,7,France
1868,Antonia,Gollop,Female,56,Philippines
1869,Nananne,Lapenna,Female,25,Philippines
1870,Margareta,Dureden,Female,14,Portugal
1871,Tamarra,Chidler,Female,16,China
1872,Boonie,Cardew,Male,68,Comoros
1873,Dulce,Grime,Female,68,China
1874,Gayelord,Haycroft,Male,84,China
1875,Ingar,Kardos,Male,41,Lithuania
1876,Lira,Ladbrook,Female,53,France
1877,Roderick,Lafford,Male,39,Philippines
1878,Ashien,Elsmor,Female,58,Poland
1879,Ilysa,Mattimoe,Female,33,China
1880,Gaven,Volant,Male,55,Yemen
1881,Nanette,Philips,Female,81,Russia
1882,Erny,Hulett,Male,22,Ireland
1883,Larine,Ziemecki,Female,76,Germany
1884,Gare,Lillow,Male,4,France
1885,Abigale,Lippard,Female,20,Cameroon
1886,Noll,Arnatt,Male,72,Philippines
1887,Norbie,Hamp,Male,36,China
1888,Gael,McJarrow,Female,62,Indonesia
1889,Ranique,Lehemann,Female,52,China
1890,Halli,Casarini,Female,11,Philippines
1891,Maximilianus,Bifield,Male,36,China
1892,Kelcey,Ingon,Female,43,Argentina
1893,Donelle,Choppen,Female,46,Pakistan
1894,Isacco,Louche,Male,49,China
1895,Westbrook,Oertzen,Male,2,Indonesia
1896,Nichole,Groves,Female,47,China
1897,Melodee,Roset,Female,4,China
1898,Trudy,Eccott,Female,6,Pakistan
1899,Yolanda,Northidge,Female,52,Poland
1900,Luke,Strathern,Male,46,Kosovo
1901,Dael,Edlestone,Female,58,Sri Lanka
1902,Terencio,Kingaby,Male,8,Thailand
1903,Wang,Terran,Male,15,Canada
1904,Guinevere,Mander,Female,40,China
1905,Vaclav,Treasaden,Male,34,Greece
1906,Gweneth,Ryding,Female,70,Vietnam
1907,Tobie,Josselson,Male,26,Brazil
1908,Andrej,Urvoy,Male,10,Argentina
1909,Merola,Dorsett,Female,60,Indonesia
1910,Catrina,Kemsley,Female,74,United States
1911,Aldwin,Alenshev,Male,36,Indonesia
1912,Federica,Ronald,Female,24,Philippines
1913,Umberto,Grzeszczyk,Male,26,Georgia
1914,Pinchas,Acott,Male,4,Russia
1915,Izak,Triplow,Male,61,Poland
1916,Warde,Frede,Male,70,Uruguay
1917,Freemon,Manby,Male,14,Indonesia
1918,Garey,Buard,Male,51,Russia
1919,Nicholas,Mollett,Male,68,Ukraine
1920,Deloris,L' Anglois,Female,59,Mongolia
1921,Odette,Fibbit,Female,79,Peru
1922,Tamas,Thouless,Male,81,Philippines
1923,Venita,Endon,Female,75,Indonesia
1924,Alla,Easterfield,Female,40,France
1925,Tova,Desesquelle,Female,39,Indonesia
1926,Edlin,Kollach,Male,36,Nigeria
1927,Lorry,Blanch,Male,49,Uruguay
1928,Halli,Klosterman,Female,77,United States
1929,Duane,Grimwade,Male,29,Poland
1930,Morgen,Lipgens,Male,10,Indonesia
1931,Hagen,Curwen,Male,38,Colombia
1932,Chad,Chittim,Female,41,China
1933,Krystalle,Harlowe,Female,13,Indonesia
1934,Lovell,Tarte,Male,54,Philippines
1935,Rayna,Bassilashvili,Female,26,China
1936,Ingram,Provis,Male,61,Sweden
1937,Katalin,Slainey,Female,46,Czech Republic
1938,Belia,Brandoni,Female,18,Venezuela
1939,Karoline,Pevreal,Female,64,United States
1940,Morly,Occleshaw,Male,84,China
1941,Gregor,Frankel,Male,58,Ecuador
1942,Justin,Timoney,Male,6,Czech Republic
1943,Akim,Kinman,Male,2,Indonesia
1944,Ailene,Jeanin,Female,87,China
1945,Dorelle,Killeen,Female,49,China
1946,Justino,Gatteridge,Male,35,Indonesia
1947,Carlee,Lillee,Female,50,Portugal
1948,Josephina,McKeon,Female,75,Paraguay
1949,Duncan,Frosch,Male,2,Indonesia
1950,Gustie,Barry,Female,79,Ethiopia
1951,Deloris,Ladon,Female,89,Madagascar
1952,Vittorio,Screas,Male,67,China
1953,Aleen,Cartman,Female,6,Sweden
1954,Nobe,Muzzlewhite,Male,63,Nepal
1955,Arnoldo,Barday,Male,40,Indonesia
1956,Gib,Iacovini,Male,90,Colombia
1957,Rusty,Sponer,Male,18,Japan
1958,Gerek,Hobson,Male,17,Greece
1959,Greggory,Marvel,Male,78,Bulgaria
1960,Modestia,Whisson,Female,39,China
1961,Winne,Lewsam,Female,39,Spain
1962,Onfre,Ajsik,Male,82,France
1963,Gregoor,Forestall,Male,22,Palestinian Territory
1964,Teddie,Charon,Male,72,Montenegro
1965,Duane,Booth,Male,10,Colombia
1966,Anders,Hardan,Male,47,Honduras
1967,Morlee,Dealey,Male,54,United States
1968,Durward,Spurdens,Male,7,China
1969,Gherardo,Camoletto,Male,40,Philippines
1970,Annadiane,Ducarne,Female,29,France
1971,Dolf,Reeme,Male,27,Thailand
1972,Caro,Yokel,Female,40,Colombia
1973,Blake,Probbings,Male,16,Finland
1974,Ari,Suermeier,Male,19,China
1975,Gabi,Kleinhausen,Male,20,Russia
1976,Trip,Bonnaire,Male,32,Indonesia
1977,Lucius,Hearley,Male,29,Sweden
1978,Lisa,Flaonier,Female,76,Indonesia
1979,Harlin,Kearey,Male,66,China
1980,Fraser,Polo,Male,36,Indonesia
1981,Demetri,Membry,Male,71,Portugal
1982,Geoffry,Orthmann,Male,62,Democratic Republic of the Congo
1983,Jannel,Woodings,Female,82,Cambodia
1984,Tim,Hutchinson,Female,58,Canada
1985,Lilyan,Klimkowski,Female,49,Japan
1986,Stevie,Haggleton,Male,34,Brazil
1987,Alexina,Ruste,Female,18,Czech Republic
1988,Hartwell,Sharvill,Male,70,Tanzania
1989,Donnajean,Anfossi,Female,2,France
1990,Bruno,Bowling,Male,32,Poland
1991,Megan,Braven,Female,2,China
1992,Corinne,Crankshaw,Female,85,Poland
1993,Terence,Bourhill,Male,27,China
1994,Norbert,Basnall,Male,19,China
1995,Miquela,Gunstone,Female,49,Serbia
1996,Dieter,Lodder,Male,56,Liechtenstein
1997,Ambrosius,Basire,Male,39,China
1998,John,Correa,Male,12,Indonesia
1999,Durant,Spraggs,Male,28,South Korea
2000,Efrem,Enric,Male,14,China
